Year,Day ,Hours,location-long,location-lat,,individual-taxon-canonical-name,individual-local-identifier
2018,1-Nov,0,0.384224,36.908412,Stigmochelys pardalis,41711,Charlie
2018,1-Nov,4,0.384191,36.908451,Stigmochelys pardalis,41711,Charlie
2018,1-Nov,8,0.38414,36.908508,Stigmochelys pardalis,41711,Charlie
2018,1-Nov,12,0.385136,36.907726,Stigmochelys pardalis,41711,Charlie
2018,1-Nov,16,0.385431,36.907733,Stigmochelys pardalis,41711,Charlie
2018,1-Nov,20,0.385415,36.907775,Stigmochelys pardalis,41711,Charlie
2018,1-Nov,23,0.385408,36.907714,Stigmochelys pardalis,41711,Charlie
2018,1-Nov,0,0.28511,36.888805,Stigmochelys pardalis,4170,Io
2018,1-Nov,4,0.28508,36.888793,Stigmochelys pardalis,4170,Io
2018,1-Nov,8,0.285116,36.888862,Stigmochelys pardalis,4170,Io
2018,1-Nov,12,0.285425,36.888816,Stigmochelys pardalis,4170,Io
2018,1-Nov,16,0.285131,36.888843,Stigmochelys pardalis,4170,Io
2018,1-Nov,20,0.285103,36.88887,Stigmochelys pardalis,4170,Io
2018,1-Nov,23,0.285141,36.888786,Stigmochelys pardalis,4170,Io
2018,1-Nov,0,0.43199,36.844669,Stigmochelys pardalis,4173,Ollie
2018,1-Nov,4,0.431961,36.844619,Stigmochelys pardalis,4173,Ollie
2018,1-Nov,8,0.431988,36.844669,Stigmochelys pardalis,4173,Ollie
2018,1-Nov,12,0.431885,36.845096,Stigmochelys pardalis,4173,Ollie
2018,1-Nov,16,0.431873,36.845127,Stigmochelys pardalis,4173,Ollie
2018,1-Nov,20,0.43184,36.845119,Stigmochelys pardalis,4173,Ollie
2018,1-Nov,23,0.431851,36.845108,Stigmochelys pardalis,4173,Ollie
2018,2-Nov,0,0.385426,36.907707,Stigmochelys pardalis,41711,Charlie
2018,2-Nov,4,0.385388,36.907772,Stigmochelys pardalis,41711,Charlie
2018,2-Nov,8,0.385333,36.907669,Stigmochelys pardalis,41711,Charlie
2018,2-Nov,12,0.38548,36.9076,Stigmochelys pardalis,41711,Charlie
2018,2-Nov,16,0.385528,36.907604,Stigmochelys pardalis,41711,Charlie
2018,2-Nov,20,0.385548,36.907604,Stigmochelys pardalis,41711,Charlie
2018,2-Nov,23,0.385584,36.907535,Stigmochelys pardalis,41711,Charlie
2018,2-Nov,0,0.285136,36.888824,Stigmochelys pardalis,4170,Io
2018,2-Nov,4,0.285099,36.888835,Stigmochelys pardalis,4170,Io
2018,2-Nov,8,0.285125,36.888889,Stigmochelys pardalis,4170,Io
2018,2-Nov,12,0.285193,36.888805,Stigmochelys pardalis,4170,Io
2018,2-Nov,16,0.28519,36.888862,Stigmochelys pardalis,4170,Io
2018,2-Nov,20,0.285126,36.888813,Stigmochelys pardalis,4170,Io
2018,2-Nov,23,0.285153,36.888786,Stigmochelys pardalis,4170,Io
2018,2-Nov,0,0.431846,36.845108,Stigmochelys pardalis,4173,Ollie
2018,2-Nov,4,0.431863,36.845119,Stigmochelys pardalis,4173,Ollie
2018,2-Nov,8,0.431861,36.845108,Stigmochelys pardalis,4173,Ollie
2018,2-Nov,12,0.431878,36.845115,Stigmochelys pardalis,4173,Ollie
2018,2-Nov,16,0.431895,36.845138,Stigmochelys pardalis,4173,Ollie
2018,2-Nov,20,0.43183,36.845138,Stigmochelys pardalis,4173,Ollie
2018,2-Nov,23,0.431858,36.845081,Stigmochelys pardalis,4173,Ollie
2018,3-Nov,0,0.38555,36.907566,Stigmochelys pardalis,41711,Charlie
2018,3-Nov,4,0.385501,36.907554,Stigmochelys pardalis,41711,Charlie
2018,3-Nov,8,0.385498,36.907581,Stigmochelys pardalis,41711,Charlie
2018,3-Nov,12,0.38554,36.907604,Stigmochelys pardalis,41711,Charlie
2018,3-Nov,16,0.385584,36.907566,Stigmochelys pardalis,41711,Charlie
2018,3-Nov,20,0.38554,36.907669,Stigmochelys pardalis,41711,Charlie
2018,3-Nov,23,0.38548,36.907604,Stigmochelys pardalis,41711,Charlie
2018,3-Nov,0,0.285114,36.888759,Stigmochelys pardalis,4170,Io
2018,3-Nov,4,0.285126,36.888832,Stigmochelys pardalis,4170,Io
2018,3-Nov,8,0.285153,36.888832,Stigmochelys pardalis,4170,Io
2018,3-Nov,12,0.28518,36.888778,Stigmochelys pardalis,4170,Io
2018,3-Nov,16,0.285161,36.888774,Stigmochelys pardalis,4170,Io
2018,3-Nov,20,0.28513,36.888862,Stigmochelys pardalis,4170,Io
2018,3-Nov,23,0.285146,36.888793,Stigmochelys pardalis,4170,Io
2018,3-Nov,0,0.431845,36.845081,Stigmochelys pardalis,4173,Ollie
2018,3-Nov,4,0.431873,36.845134,Stigmochelys pardalis,4173,Ollie
2018,3-Nov,8,0.43186,36.8451,Stigmochelys pardalis,4173,Ollie
2018,3-Nov,12,0.431913,36.845096,Stigmochelys pardalis,4173,Ollie
2018,3-Nov,16,0.431908,36.845127,Stigmochelys pardalis,4173,Ollie
2018,3-Nov,20,0.431806,36.845195,Stigmochelys pardalis,4173,Ollie
2018,3-Nov,23,0.431865,36.8451,Stigmochelys pardalis,4173,Ollie
2018,4-Nov,0,0.38554,36.9076,Stigmochelys pardalis,41711,Charlie
2018,4-Nov,4,0.385493,36.907669,Stigmochelys pardalis,41711,Charlie
2018,4-Nov,8,0.385523,36.907581,Stigmochelys pardalis,41711,Charlie
2018,4-Nov,12,0.385564,36.9076,Stigmochelys pardalis,41711,Charlie
2018,4-Nov,16,0.385561,36.90763,Stigmochelys pardalis,41711,Charlie
2018,4-Nov,20,0.38552,36.907642,Stigmochelys pardalis,41711,Charlie
2018,4-Nov,23,0.385536,36.907585,Stigmochelys pardalis,41711,Charlie
2018,4-Nov,0,0.28516,36.888767,Stigmochelys pardalis,4170,Io
2018,4-Nov,4,0.285126,36.88887,Stigmochelys pardalis,4170,Io
2018,4-Nov,8,0.285141,36.88887,Stigmochelys pardalis,4170,Io
2018,4-Nov,12,0.285281,36.888645,Stigmochelys pardalis,4170,Io
2018,4-Nov,16,0.285338,36.888645,Stigmochelys pardalis,4170,Io
2018,4-Nov,20,0.285286,36.888679,Stigmochelys pardalis,4170,Io
2018,4-Nov,23,0.285301,36.888614,Stigmochelys pardalis,4170,Io
2018,4-Nov,0,0.431858,36.8451,Stigmochelys pardalis,4173,Ollie
2018,4-Nov,4,0.431871,36.845165,Stigmochelys pardalis,4173,Ollie
2018,4-Nov,8,0.431853,36.845096,Stigmochelys pardalis,4173,Ollie
2018,4-Nov,12,0.431883,36.845115,Stigmochelys pardalis,4173,Ollie
2018,4-Nov,16,0.431891,36.845134,Stigmochelys pardalis,4173,Ollie
2018,4-Nov,20,0.431853,36.845134,Stigmochelys pardalis,4173,Ollie
2018,4-Nov,23,0.431858,36.845096,Stigmochelys pardalis,4173,Ollie
2018,5-Nov,0,0.385521,36.9076,Stigmochelys pardalis,41711,Charlie
2018,5-Nov,4,0.385543,36.907669,Stigmochelys pardalis,41711,Charlie
2018,5-Nov,8,0.385518,36.907604,Stigmochelys pardalis,41711,Charlie
2018,5-Nov,12,0.385525,36.907642,Stigmochelys pardalis,41711,Charlie
2018,5-Nov,16,0.385583,36.907619,Stigmochelys pardalis,41711,Charlie
2018,5-Nov,20,0.385533,36.907669,Stigmochelys pardalis,41711,Charlie
2018,5-Nov,23,0.385505,36.907592,Stigmochelys pardalis,41711,Charlie
2018,5-Nov,0,0.28529,36.888645,Stigmochelys pardalis,4170,Io
2018,5-Nov,4,0.285298,36.888702,Stigmochelys pardalis,4170,Io
2018,5-Nov,8,0.285281,36.888645,Stigmochelys pardalis,4170,Io
2018,5-Nov,12,0.285263,36.888664,Stigmochelys pardalis,4170,Io
2018,5-Nov,16,0.285311,36.888664,Stigmochelys pardalis,4170,Io
2018,5-Nov,20,0.285285,36.888729,Stigmochelys pardalis,4170,Io
2018,5-Nov,23,0.285303,36.888633,Stigmochelys pardalis,4170,Io
2018,5-Nov,0,0.431848,36.845081,Stigmochelys pardalis,4173,Ollie
2018,5-Nov,4,0.43187,36.845172,Stigmochelys pardalis,4173,Ollie
2018,5-Nov,8,0.4319,36.8451,Stigmochelys pardalis,4173,Ollie
2018,5-Nov,12,0.431848,36.845157,Stigmochelys pardalis,4173,Ollie
2018,5-Nov,16,0.431845,36.845134,Stigmochelys pardalis,4173,Ollie
2018,5-Nov,20,0.431865,36.845134,Stigmochelys pardalis,4173,Ollie
2018,5-Nov,23,0.431856,36.8451,Stigmochelys pardalis,4173,Ollie
2018,6-Nov,0,0.385485,36.907585,Stigmochelys pardalis,41711,Charlie
2018,6-Nov,4,0.385525,36.907688,Stigmochelys pardalis,41711,Charlie
2018,6-Nov,8,0.385548,36.9076,Stigmochelys pardalis,41711,Charlie
2018,6-Nov,12,0.385561,36.90763,Stigmochelys pardalis,41711,Charlie
2018,6-Nov,16,0.385578,36.907592,Stigmochelys pardalis,41711,Charlie
2018,6-Nov,20,0.385536,36.90768,Stigmochelys pardalis,41711,Charlie
2018,6-Nov,23,0.38553,36.907604,Stigmochelys pardalis,41711,Charlie
2018,6-Nov,0,0.28527,36.888641,Stigmochelys pardalis,4170,Io
2018,6-Nov,4,0.285268,36.888729,Stigmochelys pardalis,4170,Io
2018,6-Nov,8,0.285285,36.888671,Stigmochelys pardalis,4170,Io
2018,6-Nov,12,0.285278,36.888671,Stigmochelys pardalis,4170,Io
2018,6-Nov,16,0.285296,36.888679,Stigmochelys pardalis,4170,Io
2018,6-Nov,20,0.285265,36.888702,Stigmochelys pardalis,4170,Io
2018,6-Nov,23,0.2853,36.888664,Stigmochelys pardalis,4170,Io
2018,6-Nov,0,0.431853,36.8451,Stigmochelys pardalis,4173,Ollie
2018,6-Nov,4,0.431878,36.845153,Stigmochelys pardalis,4173,Ollie
2018,6-Nov,8,0.431851,36.845081,Stigmochelys pardalis,4173,Ollie
2018,6-Nov,12,0.431863,36.845157,Stigmochelys pardalis,4173,Ollie
2018,6-Nov,16,0.431876,36.845077,Stigmochelys pardalis,4173,Ollie
2018,6-Nov,20,0.431865,36.845153,Stigmochelys pardalis,4173,Ollie
2018,6-Nov,23,0.431863,36.845108,Stigmochelys pardalis,4173,Ollie
2018,7-Nov,0,0.385551,36.907611,Stigmochelys pardalis,41711,Charlie
2018,7-Nov,4,0.385545,36.907581,Stigmochelys pardalis,41711,Charlie
2018,7-Nov,8,0.38556,36.907592,Stigmochelys pardalis,41711,Charlie
2018,7-Nov,12,0.38557,36.9076,Stigmochelys pardalis,41711,Charlie
2018,7-Nov,16,0.38491,36.907726,Stigmochelys pardalis,41711,Charlie
2018,7-Nov,20,0.3849,36.907775,Stigmochelys pardalis,41711,Charlie
2018,7-Nov,23,0.384926,36.907726,Stigmochelys pardalis,41711,Charlie
2018,7-Nov,0,0.285283,36.88866,Stigmochelys pardalis,4170,Io
2018,7-Nov,4,0.285271,36.888748,Stigmochelys pardalis,4170,Io
2018,7-Nov,8,0.285308,36.88866,Stigmochelys pardalis,4170,Io
2018,7-Nov,12,0.285298,36.888717,Stigmochelys pardalis,4170,Io
2018,7-Nov,16,0.285266,36.88866,Stigmochelys pardalis,4170,Io
2018,7-Nov,20,0.285253,36.888671,Stigmochelys pardalis,4170,Io
2018,7-Nov,23,0.285296,36.88866,Stigmochelys pardalis,4170,Io
2018,7-Nov,0,0.431853,36.8451,Stigmochelys pardalis,4173,Ollie
2018,7-Nov,4,0.431861,36.845153,Stigmochelys pardalis,4173,Ollie
2018,7-Nov,8,0.431853,36.8451,Stigmochelys pardalis,4173,Ollie
2018,7-Nov,12,0.431883,36.845138,Stigmochelys pardalis,4173,Ollie
2018,7-Nov,16,0.431841,36.845127,Stigmochelys pardalis,4173,Ollie
2018,7-Nov,20,0.431855,36.845127,Stigmochelys pardalis,4173,Ollie
2018,7-Nov,23,0.43186,36.845096,Stigmochelys pardalis,4173,Ollie
2018,8-Nov,0,0.38492,36.907737,Stigmochelys pardalis,41711,Charlie
2018,8-Nov,4,0.384913,36.907737,Stigmochelys pardalis,41711,Charlie
2018,8-Nov,8,0.384928,36.907733,Stigmochelys pardalis,41711,Charlie
2018,8-Nov,12,0.385101,36.907897,Stigmochelys pardalis,41711,Charlie
2018,8-Nov,16,0.385138,36.907897,Stigmochelys pardalis,41711,Charlie
2018,8-Nov,20,0.385161,36.907966,Stigmochelys pardalis,41711,Charlie
2018,8-Nov,23,0.385166,36.907909,Stigmochelys pardalis,41711,Charlie
2018,8-Nov,0,0.285281,36.888633,Stigmochelys pardalis,4170,Io
2018,8-Nov,4,0.28527,36.888671,Stigmochelys pardalis,4170,Io
2018,8-Nov,8,0.285281,36.888664,Stigmochelys pardalis,4170,Io
2018,8-Nov,12,0.285276,36.888702,Stigmochelys pardalis,4170,Io
2018,8-Nov,16,0.285265,36.888652,Stigmochelys pardalis,4170,Io
2018,8-Nov,20,0.285258,36.88869,Stigmochelys pardalis,4170,Io
2018,8-Nov,23,0.285271,36.888633,Stigmochelys pardalis,4170,Io
2018,8-Nov,0,0.431846,36.845108,Stigmochelys pardalis,4173,Ollie
2018,8-Nov,4,0.431866,36.845127,Stigmochelys pardalis,4173,Ollie
2018,8-Nov,8,0.431858,36.845119,Stigmochelys pardalis,4173,Ollie
2018,8-Nov,12,0.431873,36.845138,Stigmochelys pardalis,4173,Ollie
2018,8-Nov,16,0.431848,36.845138,Stigmochelys pardalis,4173,Ollie
2018,8-Nov,20,0.431855,36.845115,Stigmochelys pardalis,4173,Ollie
2018,8-Nov,23,0.431878,36.845096,Stigmochelys pardalis,4173,Ollie
2018,9-Nov,0,0.385156,36.907943,Stigmochelys pardalis,41711,Charlie
2018,9-Nov,4,0.385145,36.907962,Stigmochelys pardalis,41711,Charlie
2018,9-Nov,8,0.385168,36.907993,Stigmochelys pardalis,41711,Charlie
2018,9-Nov,12,0.385438,36.907833,Stigmochelys pardalis,41711,Charlie
2018,9-Nov,16,0.385656,36.90768,Stigmochelys pardalis,41711,Charlie
2018,9-Nov,20,0.38567,36.907657,Stigmochelys pardalis,41711,Charlie
2018,9-Nov,23,0.385675,36.907642,Stigmochelys pardalis,41711,Charlie
2018,9-Nov,0,0.285268,36.888607,Stigmochelys pardalis,4170,Io
2018,9-Nov,4,0.285266,36.888664,Stigmochelys pardalis,4170,Io
2018,9-Nov,8,0.285273,36.888671,Stigmochelys pardalis,4170,Io
2018,9-Nov,12,0.285228,36.888664,Stigmochelys pardalis,4170,Io
2018,9-Nov,16,0.285224,36.888736,Stigmochelys pardalis,4170,Io
2018,9-Nov,20,0.285273,36.888679,Stigmochelys pardalis,4170,Io
2018,9-Nov,23,0.28529,36.888565,Stigmochelys pardalis,4170,Io
2018,9-Nov,0,0.431846,36.845096,Stigmochelys pardalis,4173,Ollie
2018,9-Nov,4,0.431848,36.845115,Stigmochelys pardalis,4173,Ollie
2018,9-Nov,8,0.43187,36.845134,Stigmochelys pardalis,4173,Ollie
2018,9-Nov,12,0.431893,36.845146,Stigmochelys pardalis,4173,Ollie
2018,9-Nov,16,0.431853,36.845134,Stigmochelys pardalis,4173,Ollie
2018,9-Nov,20,0.431856,36.845108,Stigmochelys pardalis,4173,Ollie
2018,9-Nov,23,0.431876,36.8451,Stigmochelys pardalis,4173,Ollie
2018,10-Nov,0,0.385618,36.907676,Stigmochelys pardalis,41711,Charlie
2018,10-Nov,4,0.385651,36.907638,Stigmochelys pardalis,41711,Charlie
2018,10-Nov,8,0.385691,36.907775,Stigmochelys pardalis,41711,Charlie
2018,10-Nov,12,0.385696,36.907699,Stigmochelys pardalis,41711,Charlie
2018,10-Nov,16,0.385683,36.907611,Stigmochelys pardalis,41711,Charlie
2018,10-Nov,20,0.385666,36.907695,Stigmochelys pardalis,41711,Charlie
2018,10-Nov,23,0.385685,36.907676,Stigmochelys pardalis,41711,Charlie
2018,10-Nov,0,0.2853,36.888622,Stigmochelys pardalis,4170,Io
2018,10-Nov,4,0.285245,36.888645,Stigmochelys pardalis,4170,Io
2018,10-Nov,8,0.285223,36.888698,Stigmochelys pardalis,4170,Io
2018,10-Nov,12,0.285248,36.888702,Stigmochelys pardalis,4170,Io
2018,10-Nov,16,0.285288,36.888664,Stigmochelys pardalis,4170,Io
2018,10-Nov,20,0.285278,36.88866,Stigmochelys pardalis,4170,Io
2018,10-Nov,23,0.285295,36.888622,Stigmochelys pardalis,4170,Io
2018,10-Nov,0,0.431858,36.8451,Stigmochelys pardalis,4173,Ollie
2018,10-Nov,4,0.431868,36.8451,Stigmochelys pardalis,4173,Ollie
2018,10-Nov,8,0.431874,36.845134,Stigmochelys pardalis,4173,Ollie
2018,10-Nov,12,0.43184,36.845138,Stigmochelys pardalis,4173,Ollie
2018,10-Nov,16,0.43188,36.845127,Stigmochelys pardalis,4173,Ollie
2018,10-Nov,20,0.431851,36.845115,Stigmochelys pardalis,4173,Ollie
2018,10-Nov,23,0.431855,36.845096,Stigmochelys pardalis,4173,Ollie
2018,11-Nov,0,0.385675,36.90763,Stigmochelys pardalis,41711,Charlie
2018,11-Nov,4,0.385666,36.907669,Stigmochelys pardalis,41711,Charlie
2018,11-Nov,8,0.385665,36.907695,Stigmochelys pardalis,41711,Charlie
2018,11-Nov,12,0.385693,36.90763,Stigmochelys pardalis,41711,Charlie
2018,11-Nov,16,0.38569,36.907642,Stigmochelys pardalis,41711,Charlie
2018,11-Nov,20,0.385655,36.907661,Stigmochelys pardalis,41711,Charlie
2018,11-Nov,23,0.385653,36.907642,Stigmochelys pardalis,41711,Charlie
2018,11-Nov,0,0.285281,36.888664,Stigmochelys pardalis,4170,Io
2018,11-Nov,4,0.285231,36.888721,Stigmochelys pardalis,4170,Io
2018,11-Nov,8,0.285246,36.888679,Stigmochelys pardalis,4170,Io
2018,11-Nov,12,0.285318,36.888717,Stigmochelys pardalis,4170,Io
2018,11-Nov,16,0.285308,36.888702,Stigmochelys pardalis,4170,Io
2018,11-Nov,20,0.285243,36.888679,Stigmochelys pardalis,4170,Io
2018,11-Nov,23,0.285246,36.888671,Stigmochelys pardalis,4170,Io
2018,11-Nov,0,0.43185,36.8451,Stigmochelys pardalis,4173,Ollie
2018,11-Nov,4,0.43188,36.8451,Stigmochelys pardalis,4173,Ollie
2018,11-Nov,8,0.43187,36.845119,Stigmochelys pardalis,4173,Ollie
2018,11-Nov,12,0.431861,36.845134,Stigmochelys pardalis,4173,Ollie
2018,11-Nov,16,0.431901,36.845127,Stigmochelys pardalis,4173,Ollie
2018,11-Nov,20,0.431846,36.845127,Stigmochelys pardalis,4173,Ollie
2018,11-Nov,23,0.431874,36.8451,Stigmochelys pardalis,4173,Ollie
2018,12-Nov,0,0.385663,36.90763,Stigmochelys pardalis,41711,Charlie
2018,12-Nov,4,0.38567,36.907661,Stigmochelys pardalis,41711,Charlie
2018,12-Nov,8,0.385643,36.907688,Stigmochelys pardalis,41711,Charlie
2018,12-Nov,12,0.385739,36.907581,Stigmochelys pardalis,41711,Charlie
2018,12-Nov,16,0.387106,36.907173,Stigmochelys pardalis,41711,Charlie
2018,12-Nov,20,0.387071,36.907165,Stigmochelys pardalis,41711,Charlie
2018,12-Nov,23,0.387085,36.907165,Stigmochelys pardalis,41711,Charlie
2018,12-Nov,0,0.285235,36.88866,Stigmochelys pardalis,4170,Io
2018,12-Nov,4,0.285245,36.888683,Stigmochelys pardalis,4170,Io
2018,12-Nov,8,0.28525,36.888698,Stigmochelys pardalis,4170,Io
2018,12-Nov,12,0.285311,36.88869,Stigmochelys pardalis,4170,Io
2018,12-Nov,16,0.285336,36.888679,Stigmochelys pardalis,4170,Io
2018,12-Nov,20,0.285256,36.888614,Stigmochelys pardalis,4170,Io
2018,12-Nov,23,0.285285,36.888622,Stigmochelys pardalis,4170,Io
2018,12-Nov,0,0.43186,36.845115,Stigmochelys pardalis,4173,Ollie
2018,12-Nov,4,0.431885,36.845108,Stigmochelys pardalis,4173,Ollie
2018,12-Nov,8,0.431848,36.845115,Stigmochelys pardalis,4173,Ollie
2018,12-Nov,12,0.431878,36.845138,Stigmochelys pardalis,4173,Ollie
2018,12-Nov,16,0.43191,36.845127,Stigmochelys pardalis,4173,Ollie
2018,12-Nov,20,0.431863,36.845119,Stigmochelys pardalis,4173,Ollie
2018,12-Nov,23,0.431863,36.8451,Stigmochelys pardalis,4173,Ollie
2018,13-Nov,0,0.387083,36.90718,Stigmochelys pardalis,41711,Charlie
2018,13-Nov,4,0.387088,36.907161,Stigmochelys pardalis,41711,Charlie
2018,13-Nov,8,0.387041,36.907192,Stigmochelys pardalis,41711,Charlie
2018,13-Nov,12,0.387085,36.907192,Stigmochelys pardalis,41711,Charlie
2018,13-Nov,16,0.386613,36.905502,Stigmochelys pardalis,41711,Charlie
2018,13-Nov,20,0.386575,36.905464,Stigmochelys pardalis,41711,Charlie
2018,13-Nov,23,0.386584,36.905406,Stigmochelys pardalis,41711,Charlie
2018,13-Nov,0,0.285293,36.888641,Stigmochelys pardalis,4170,Io
2018,13-Nov,4,0.285291,36.888664,Stigmochelys pardalis,4170,Io
2018,13-Nov,8,0.285305,36.888664,Stigmochelys pardalis,4170,Io
2018,13-Nov,12,0.285251,36.88869,Stigmochelys pardalis,4170,Io
2018,13-Nov,16,0.285311,36.888664,Stigmochelys pardalis,4170,Io
2018,13-Nov,20,0.285238,36.88869,Stigmochelys pardalis,4170,Io
2018,13-Nov,23,0.28528,36.88869,Stigmochelys pardalis,4170,Io
2018,13-Nov,0,0.431863,36.8451,Stigmochelys pardalis,4173,Ollie
2018,13-Nov,4,0.431886,36.845134,Stigmochelys pardalis,4173,Ollie
2018,13-Nov,8,0.431871,36.845134,Stigmochelys pardalis,4173,Ollie
2018,13-Nov,12,0.431873,36.845153,Stigmochelys pardalis,4173,Ollie
2018,13-Nov,16,0.4319,36.8451,Stigmochelys pardalis,4173,Ollie
2018,13-Nov,20,0.431865,36.845127,Stigmochelys pardalis,4173,Ollie
2018,13-Nov,23,0.431876,36.8451,Stigmochelys pardalis,4173,Ollie
2018,14-Nov,0,0.386633,36.905483,Stigmochelys pardalis,41711,Charlie
2018,14-Nov,4,0.386604,36.905506,Stigmochelys pardalis,41711,Charlie
2018,14-Nov,8,0.386614,36.905502,Stigmochelys pardalis,41711,Charlie
2018,14-Nov,12,0.385978,36.905506,Stigmochelys pardalis,41711,Charlie
2018,14-Nov,16,0.385476,36.905895,Stigmochelys pardalis,41711,Charlie
2018,14-Nov,20,0.385463,36.905868,Stigmochelys pardalis,41711,Charlie
2018,14-Nov,23,0.385428,36.905838,Stigmochelys pardalis,41711,Charlie
2018,14-Nov,0,0.285286,36.88866,Stigmochelys pardalis,4170,Io
2018,14-Nov,4,0.28528,36.888698,Stigmochelys pardalis,4170,Io
2018,14-Nov,8,0.285273,36.888702,Stigmochelys pardalis,4170,Io
2018,14-Nov,12,0.285278,36.88853,Stigmochelys pardalis,4170,Io
2018,14-Nov,16,0.285351,36.888557,Stigmochelys pardalis,4170,Io
2018,14-Nov,20,0.285256,36.888626,Stigmochelys pardalis,4170,Io
2018,14-Nov,23,0.285296,36.888473,Stigmochelys pardalis,4170,Io
2018,14-Nov,0,0.43186,36.845108,Stigmochelys pardalis,4173,Ollie
2018,14-Nov,4,0.431886,36.845146,Stigmochelys pardalis,4173,Ollie
2018,14-Nov,8,0.431863,36.845115,Stigmochelys pardalis,4173,Ollie
2018,14-Nov,12,0.431883,36.845146,Stigmochelys pardalis,4173,Ollie
2018,14-Nov,16,0.431893,36.8451,Stigmochelys pardalis,4173,Ollie
2018,14-Nov,20,0.43186,36.845127,Stigmochelys pardalis,4173,Ollie
2018,14-Nov,23,0.431856,36.8451,Stigmochelys pardalis,4173,Ollie
2018,15-Nov,0,0.385445,36.905857,Stigmochelys pardalis,41711,Charlie
2018,15-Nov,4,0.385508,36.905902,Stigmochelys pardalis,41711,Charlie
2018,15-Nov,8,0.385481,36.905857,Stigmochelys pardalis,41711,Charlie
2018,15-Nov,12,0.385465,36.905933,Stigmochelys pardalis,41711,Charlie
2018,15-Nov,16,0.385343,36.905952,Stigmochelys pardalis,41711,Charlie
2018,15-Nov,20,0.385413,36.905868,Stigmochelys pardalis,41711,Charlie
2018,15-Nov,23,0.38544,36.905883,Stigmochelys pardalis,41711,Charlie
2018,15-Nov,0,0.285305,36.8885,Stigmochelys pardalis,4170,Io
2018,15-Nov,4,0.285311,36.888443,Stigmochelys pardalis,4170,Io
2018,15-Nov,8,0.28527,36.888507,Stigmochelys pardalis,4170,Io
2018,15-Nov,12,0.28527,36.888507,Stigmochelys pardalis,4170,Io
2018,15-Nov,16,0.285325,36.888473,Stigmochelys pardalis,4170,Io
2018,15-Nov,20,0.285301,36.888473,Stigmochelys pardalis,4170,Io
2018,15-Nov,23,0.285316,36.888473,Stigmochelys pardalis,4170,Io
2018,15-Nov,0,0.431865,36.845115,Stigmochelys pardalis,4173,Ollie
2018,15-Nov,4,0.43188,36.845134,Stigmochelys pardalis,4173,Ollie
2018,15-Nov,8,0.431861,36.845115,Stigmochelys pardalis,4173,Ollie
2018,15-Nov,12,0.431848,36.845138,Stigmochelys pardalis,4173,Ollie
2018,15-Nov,16,0.431903,36.845058,Stigmochelys pardalis,4173,Ollie
2018,15-Nov,20,0.43188,36.845138,Stigmochelys pardalis,4173,Ollie
2018,15-Nov,23,0.431855,36.845115,Stigmochelys pardalis,4173,Ollie
2018,16-Nov,0,0.38546,36.905883,Stigmochelys pardalis,41711,Charlie
2018,16-Nov,4,0.385498,36.905902,Stigmochelys pardalis,41711,Charlie
2018,16-Nov,8,0.385495,36.905963,Stigmochelys pardalis,41711,Charlie
2018,16-Nov,12,0.384709,36.905635,Stigmochelys pardalis,41711,Charlie
2018,16-Nov,16,0.385058,36.905246,Stigmochelys pardalis,41711,Charlie
2018,16-Nov,20,0.385473,36.905468,Stigmochelys pardalis,41711,Charlie
2018,16-Nov,23,0.385466,36.905468,Stigmochelys pardalis,41711,Charlie
2018,16-Nov,0,0.285275,36.888469,Stigmochelys pardalis,4170,Io
2018,16-Nov,4,0.285306,36.888538,Stigmochelys pardalis,4170,Io
2018,16-Nov,8,0.2853,36.888481,Stigmochelys pardalis,4170,Io
2018,16-Nov,12,0.285298,36.888507,Stigmochelys pardalis,4170,Io
2018,16-Nov,16,0.285338,36.888481,Stigmochelys pardalis,4170,Io
2018,16-Nov,20,0.28531,36.888473,Stigmochelys pardalis,4170,Io
2018,16-Nov,23,0.285315,36.888469,Stigmochelys pardalis,4170,Io
2018,16-Nov,0,0.431863,36.845108,Stigmochelys pardalis,4173,Ollie
2018,16-Nov,4,0.431885,36.845138,Stigmochelys pardalis,4173,Ollie
2018,16-Nov,8,0.431858,36.845119,Stigmochelys pardalis,4173,Ollie
2018,16-Nov,12,0.43186,36.845096,Stigmochelys pardalis,4173,Ollie
2018,16-Nov,16,0.431889,36.845108,Stigmochelys pardalis,4173,Ollie
2018,16-Nov,20,0.431868,36.845115,Stigmochelys pardalis,4173,Ollie
2018,16-Nov,23,0.431851,36.845096,Stigmochelys pardalis,4173,Ollie
2018,17-Nov,0,0.385456,36.905445,Stigmochelys pardalis,41711,Charlie
2018,17-Nov,4,0.385443,36.905494,Stigmochelys pardalis,41711,Charlie
2018,17-Nov,8,0.385433,36.905468,Stigmochelys pardalis,41711,Charlie
2018,17-Nov,12,0.385739,36.905696,Stigmochelys pardalis,41711,Charlie
2018,17-Nov,16,0.387186,36.906021,Stigmochelys pardalis,41711,Charlie
2018,17-Nov,20,0.387181,36.906017,Stigmochelys pardalis,41711,Charlie
2018,17-Nov,23,0.387186,36.905998,Stigmochelys pardalis,41711,Charlie
2018,17-Nov,0,0.28528,36.888473,Stigmochelys pardalis,4170,Io
2018,17-Nov,4,0.285261,36.88853,Stigmochelys pardalis,4170,Io
2018,17-Nov,8,0.285308,36.888492,Stigmochelys pardalis,4170,Io
2018,17-Nov,12,0.285268,36.888492,Stigmochelys pardalis,4170,Io
2018,17-Nov,16,0.285305,36.888526,Stigmochelys pardalis,4170,Io
2018,17-Nov,20,0.285288,36.888473,Stigmochelys pardalis,4170,Io
2018,17-Nov,23,0.285306,36.888462,Stigmochelys pardalis,4170,Io
2018,17-Nov,0,0.431873,36.845115,Stigmochelys pardalis,4173,Ollie
2018,17-Nov,4,0.431876,36.845165,Stigmochelys pardalis,4173,Ollie
2018,17-Nov,8,0.431855,36.845127,Stigmochelys pardalis,4173,Ollie
2018,17-Nov,12,0.43188,36.845153,Stigmochelys pardalis,4173,Ollie
2018,17-Nov,16,0.431878,36.845165,Stigmochelys pardalis,4173,Ollie
2018,17-Nov,20,0.43187,36.845119,Stigmochelys pardalis,4173,Ollie
2018,17-Nov,23,0.431911,36.845062,Stigmochelys pardalis,4173,Ollie
2018,18-Nov,0,0.387175,36.905998,Stigmochelys pardalis,41711,Charlie
2018,18-Nov,4,0.387175,36.906074,Stigmochelys pardalis,41711,Charlie
2018,18-Nov,8,0.387165,36.90599,Stigmochelys pardalis,41711,Charlie
2018,18-Nov,12,0.387153,36.90604,Stigmochelys pardalis,41711,Charlie
2018,18-Nov,16,0.387981,36.906269,Stigmochelys pardalis,41711,Charlie
2018,18-Nov,20,0.387998,36.906211,Stigmochelys pardalis,41711,Charlie
2018,18-Nov,23,0.388053,36.906169,Stigmochelys pardalis,41711,Charlie
2018,18-Nov,0,0.285296,36.888473,Stigmochelys pardalis,4170,Io
2018,18-Nov,4,0.285285,36.888565,Stigmochelys pardalis,4170,Io
2018,18-Nov,8,0.285293,36.888469,Stigmochelys pardalis,4170,Io
2018,18-Nov,12,0.285316,36.8885,Stigmochelys pardalis,4170,Io
2018,18-Nov,16,0.285333,36.888507,Stigmochelys pardalis,4170,Io
2018,18-Nov,20,0.285329,36.888469,Stigmochelys pardalis,4170,Io
2018,18-Nov,23,0.285356,36.888469,Stigmochelys pardalis,4170,Io
2018,18-Nov,0,0.431861,36.845115,Stigmochelys pardalis,4173,Ollie
2018,18-Nov,4,0.431848,36.845134,Stigmochelys pardalis,4173,Ollie
2018,18-Nov,8,0.431858,36.845119,Stigmochelys pardalis,4173,Ollie
2018,18-Nov,12,0.431886,36.845127,Stigmochelys pardalis,4173,Ollie
2018,18-Nov,16,0.431871,36.845146,Stigmochelys pardalis,4173,Ollie
2018,18-Nov,23,0.431858,36.845088,Stigmochelys pardalis,4173,Ollie
2018,19-Nov,0,0.388056,36.906173,Stigmochelys pardalis,41711,Charlie
2018,19-Nov,4,0.38806,36.906173,Stigmochelys pardalis,41711,Charlie
2018,19-Nov,8,0.388035,36.906208,Stigmochelys pardalis,41711,Charlie
2018,19-Nov,12,0.388893,36.906669,Stigmochelys pardalis,41711,Charlie
2018,19-Nov,16,0.389116,36.906898,Stigmochelys pardalis,41711,Charlie
2018,19-Nov,20,0.389083,36.906971,Stigmochelys pardalis,41711,Charlie
2018,19-Nov,23,0.389101,36.906875,Stigmochelys pardalis,41711,Charlie
2018,19-Nov,0,0.285285,36.888473,Stigmochelys pardalis,4170,Io
2018,19-Nov,4,0.285278,36.888443,Stigmochelys pardalis,4170,Io
2018,19-Nov,8,0.28531,36.8885,Stigmochelys pardalis,4170,Io
2018,19-Nov,12,0.285345,36.888473,Stigmochelys pardalis,4170,Io
2018,19-Nov,16,0.28562,36.886966,Stigmochelys pardalis,4170,Io
2018,19-Nov,20,0.285593,36.886928,Stigmochelys pardalis,4170,Io
2018,19-Nov,23,0.285625,36.886936,Stigmochelys pardalis,4170,Io
2018,19-Nov,0,0.43187,36.845108,Stigmochelys pardalis,4173,Ollie
2018,19-Nov,4,0.431886,36.845138,Stigmochelys pardalis,4173,Ollie
2018,19-Nov,8,0.431846,36.845119,Stigmochelys pardalis,4173,Ollie
2018,19-Nov,12,0.431888,36.8451,Stigmochelys pardalis,4173,Ollie
2018,19-Nov,16,0.431861,36.845165,Stigmochelys pardalis,4173,Ollie
2018,19-Nov,20,0.431836,36.845115,Stigmochelys pardalis,4173,Ollie
2018,19-Nov,23,0.431858,36.8451,Stigmochelys pardalis,4173,Ollie
2018,20-Nov,0,0.389128,36.906898,Stigmochelys pardalis,41711,Charlie
2018,20-Nov,4,0.38912,36.906837,Stigmochelys pardalis,41711,Charlie
2018,20-Nov,8,0.38907,36.906894,Stigmochelys pardalis,41711,Charlie
2018,20-Nov,12,0.38914,36.906944,Stigmochelys pardalis,41711,Charlie
2018,20-Nov,16,0.38935,36.906993,Stigmochelys pardalis,41711,Charlie
2018,20-Nov,20,0.38935,36.906894,Stigmochelys pardalis,41711,Charlie
2018,20-Nov,23,0.389339,36.906898,Stigmochelys pardalis,41711,Charlie
2018,20-Nov,0,0.285623,36.886936,Stigmochelys pardalis,4170,Io
2018,20-Nov,4,0.28563,36.887001,Stigmochelys pardalis,4170,Io
2018,20-Nov,8,0.285608,36.886936,Stigmochelys pardalis,4170,Io
2018,20-Nov,12,0.285728,36.887039,Stigmochelys pardalis,4170,Io
2018,20-Nov,16,0.285696,36.887115,Stigmochelys pardalis,4170,Io
2018,20-Nov,20,0.2857,36.887058,Stigmochelys pardalis,4170,Io
2018,20-Nov,23,0.285733,36.887039,Stigmochelys pardalis,4170,Io
2018,20-Nov,0,0.43187,36.845115,Stigmochelys pardalis,4173,Ollie
2018,20-Nov,4,0.431865,36.845127,Stigmochelys pardalis,4173,Ollie
2018,20-Nov,8,0.43191,36.845115,Stigmochelys pardalis,4173,Ollie
2018,20-Nov,12,0.431895,36.845077,Stigmochelys pardalis,4173,Ollie
2018,20-Nov,16,0.431878,36.845172,Stigmochelys pardalis,4173,Ollie
2018,20-Nov,20,0.431843,36.8451,Stigmochelys pardalis,4173,Ollie
2018,20-Nov,23,0.431866,36.845096,Stigmochelys pardalis,4173,Ollie
2018,21-Nov,0,0.389331,36.906894,Stigmochelys pardalis,41711,Charlie
2018,21-Nov,4,0.389368,36.906925,Stigmochelys pardalis,41711,Charlie
2018,21-Nov,8,0.389338,36.906944,Stigmochelys pardalis,41711,Charlie
2018,21-Nov,12,0.389436,36.90678,Stigmochelys pardalis,41711,Charlie
2018,21-Nov,16,0.389418,36.906784,Stigmochelys pardalis,41711,Charlie
2018,21-Nov,20,0.389415,36.906753,Stigmochelys pardalis,41711,Charlie
2018,21-Nov,23,0.389415,36.906791,Stigmochelys pardalis,41711,Charlie
2018,21-Nov,0,0.285728,36.887043,Stigmochelys pardalis,4170,Io
2018,21-Nov,4,0.285746,36.887081,Stigmochelys pardalis,4170,Io
2018,21-Nov,8,0.285691,36.887058,Stigmochelys pardalis,4170,Io
2018,21-Nov,12,0.285731,36.887043,Stigmochelys pardalis,4170,Io
2018,21-Nov,16,0.285698,36.887077,Stigmochelys pardalis,4170,Io
2018,21-Nov,20,0.285708,36.887031,Stigmochelys pardalis,4170,Io
2018,21-Nov,23,0.285691,36.887001,Stigmochelys pardalis,4170,Io
2018,21-Nov,0,0.431876,36.845115,Stigmochelys pardalis,4173,Ollie
2018,21-Nov,4,0.431893,36.845115,Stigmochelys pardalis,4173,Ollie
2018,21-Nov,8,0.431866,36.845134,Stigmochelys pardalis,4173,Ollie
2018,21-Nov,12,0.431874,36.845115,Stigmochelys pardalis,4173,Ollie
2018,21-Nov,16,0.431871,36.845157,Stigmochelys pardalis,4173,Ollie
2018,21-Nov,20,0.431833,36.845096,Stigmochelys pardalis,4173,Ollie
2018,21-Nov,23,0.43185,36.8451,Stigmochelys pardalis,4173,Ollie
2018,22-Nov,0,0.389416,36.906791,Stigmochelys pardalis,41711,Charlie
2018,22-Nov,4,0.389458,36.906803,Stigmochelys pardalis,41711,Charlie
2018,22-Nov,8,0.389416,36.906791,Stigmochelys pardalis,41711,Charlie
2018,22-Nov,12,0.38943,36.906696,Stigmochelys pardalis,41711,Charlie
2018,22-Nov,16,0.389433,36.90686,Stigmochelys pardalis,41711,Charlie
2018,22-Nov,20,0.38943,36.906772,Stigmochelys pardalis,41711,Charlie
2018,22-Nov,23,0.3894,36.906799,Stigmochelys pardalis,41711,Charlie
2018,22-Nov,0,0.285728,36.887043,Stigmochelys pardalis,4170,Io
2018,22-Nov,4,0.285756,36.887077,Stigmochelys pardalis,4170,Io
2018,22-Nov,8,0.285733,36.887081,Stigmochelys pardalis,4170,Io
2018,22-Nov,12,0.285723,36.887031,Stigmochelys pardalis,4170,Io
2018,22-Nov,16,0.285706,36.887081,Stigmochelys pardalis,4170,Io
2018,22-Nov,20,0.285729,36.887069,Stigmochelys pardalis,4170,Io
2018,22-Nov,23,0.285695,36.887039,Stigmochelys pardalis,4170,Io
2018,22-Nov,0,0.431886,36.845134,Stigmochelys pardalis,4173,Ollie
2018,22-Nov,4,0.431888,36.845127,Stigmochelys pardalis,4173,Ollie
2018,22-Nov,8,0.431871,36.845134,Stigmochelys pardalis,4173,Ollie
2018,22-Nov,12,0.431868,36.845096,Stigmochelys pardalis,4173,Ollie
2018,22-Nov,16,0.431911,36.845211,Stigmochelys pardalis,4173,Ollie
2018,22-Nov,20,0.431885,36.845115,Stigmochelys pardalis,4173,Ollie
2018,22-Nov,23,0.43186,36.845096,Stigmochelys pardalis,4173,Ollie
2018,23-Nov,0,0.389406,36.906734,Stigmochelys pardalis,41711,Charlie
2018,23-Nov,4,0.389433,36.906799,Stigmochelys pardalis,41711,Charlie
2018,23-Nov,8,0.389421,36.906791,Stigmochelys pardalis,41711,Charlie
2018,23-Nov,12,0.389404,36.90678,Stigmochelys pardalis,41711,Charlie
2018,23-Nov,16,0.389463,36.906848,Stigmochelys pardalis,41711,Charlie
2018,23-Nov,20,0.38943,36.90681,Stigmochelys pardalis,41711,Charlie
2018,23-Nov,23,0.389401,36.906803,Stigmochelys pardalis,41711,Charlie
2018,23-Nov,0,0.285723,36.887031,Stigmochelys pardalis,4170,Io
2018,23-Nov,4,0.285743,36.887069,Stigmochelys pardalis,4170,Io
2018,23-Nov,8,0.285728,36.887069,Stigmochelys pardalis,4170,Io
2018,23-Nov,12,0.285725,36.887043,Stigmochelys pardalis,4170,Io
2018,23-Nov,16,0.285738,36.887096,Stigmochelys pardalis,4170,Io
2018,23-Nov,20,0.285755,36.887031,Stigmochelys pardalis,4170,Io
2018,23-Nov,23,0.285716,36.887031,Stigmochelys pardalis,4170,Io
2018,23-Nov,0,0.431861,36.845119,Stigmochelys pardalis,4173,Ollie
2018,23-Nov,4,0.431883,36.845138,Stigmochelys pardalis,4173,Ollie
2018,23-Nov,8,0.431871,36.845146,Stigmochelys pardalis,4173,Ollie
2018,23-Nov,12,0.431878,36.8451,Stigmochelys pardalis,4173,Ollie
2018,23-Nov,16,0.431898,36.845127,Stigmochelys pardalis,4173,Ollie
2018,23-Nov,20,0.431878,36.845108,Stigmochelys pardalis,4173,Ollie
2018,23-Nov,23,0.431866,36.845108,Stigmochelys pardalis,4173,Ollie
2018,24-Nov,0,0.389395,36.906837,Stigmochelys pardalis,41711,Charlie
2018,24-Nov,4,0.389416,36.90686,Stigmochelys pardalis,41711,Charlie
2018,24-Nov,8,0.389421,36.906848,Stigmochelys pardalis,41711,Charlie
2018,24-Nov,12,0.389363,36.906753,Stigmochelys pardalis,41711,Charlie
2018,24-Nov,16,0.389438,36.906799,Stigmochelys pardalis,41711,Charlie
2018,24-Nov,20,0.389471,36.906765,Stigmochelys pardalis,41711,Charlie
2018,24-Nov,23,0.389421,36.906745,Stigmochelys pardalis,41711,Charlie
2018,24-Nov,0,0.285725,36.887039,Stigmochelys pardalis,4170,Io
2018,24-Nov,4,0.285736,36.887077,Stigmochelys pardalis,4170,Io
2018,24-Nov,8,0.285726,36.887081,Stigmochelys pardalis,4170,Io
2018,24-Nov,12,0.285693,36.887069,Stigmochelys pardalis,4170,Io
2018,24-Nov,16,0.285751,36.8871,Stigmochelys pardalis,4170,Io
2018,24-Nov,20,0.285753,36.887069,Stigmochelys pardalis,4170,Io
2018,24-Nov,23,0.285713,36.887023,Stigmochelys pardalis,4170,Io
2018,24-Nov,0,0.431863,36.845115,Stigmochelys pardalis,4173,Ollie
2018,24-Nov,4,0.431889,36.845146,Stigmochelys pardalis,4173,Ollie
2018,24-Nov,8,0.431861,36.845134,Stigmochelys pardalis,4173,Ollie
2018,24-Nov,12,0.431848,36.845134,Stigmochelys pardalis,4173,Ollie
2018,24-Nov,16,0.431901,36.84526,Stigmochelys pardalis,4173,Ollie
2018,24-Nov,20,0.431866,36.8451,Stigmochelys pardalis,4173,Ollie
2018,24-Nov,23,0.431863,36.845115,Stigmochelys pardalis,4173,Ollie
2018,25-Nov,0,0.389411,36.906765,Stigmochelys pardalis,41711,Charlie
2018,25-Nov,4,0.389444,36.906848,Stigmochelys pardalis,41711,Charlie
2018,25-Nov,8,0.389423,36.906818,Stigmochelys pardalis,41711,Charlie
2018,25-Nov,12,0.389416,36.90678,Stigmochelys pardalis,41711,Charlie
2018,25-Nov,16,0.389466,36.906829,Stigmochelys pardalis,41711,Charlie
2018,25-Nov,20,0.38948,36.906761,Stigmochelys pardalis,41711,Charlie
2018,25-Nov,23,0.38941,36.906765,Stigmochelys pardalis,41711,Charlie
2018,25-Nov,0,0.285718,36.887069,Stigmochelys pardalis,4170,Io
2018,25-Nov,4,0.285735,36.887088,Stigmochelys pardalis,4170,Io
2018,25-Nov,8,0.285686,36.886993,Stigmochelys pardalis,4170,Io
2018,25-Nov,12,0.285713,36.887077,Stigmochelys pardalis,4170,Io
2018,25-Nov,16,0.285776,36.887077,Stigmochelys pardalis,4170,Io
2018,25-Nov,20,0.285771,36.887069,Stigmochelys pardalis,4170,Io
2018,25-Nov,23,0.28572,36.887043,Stigmochelys pardalis,4170,Io
2018,25-Nov,0,0.431848,36.845127,Stigmochelys pardalis,4173,Ollie
2018,25-Nov,4,0.431888,36.845157,Stigmochelys pardalis,4173,Ollie
2018,25-Nov,8,0.431865,36.845127,Stigmochelys pardalis,4173,Ollie
2018,25-Nov,12,0.431891,36.845138,Stigmochelys pardalis,4173,Ollie
2018,25-Nov,16,0.431926,36.845138,Stigmochelys pardalis,4173,Ollie
2018,25-Nov,20,0.431911,36.845127,Stigmochelys pardalis,4173,Ollie
2018,25-Nov,23,0.431871,36.8451,Stigmochelys pardalis,4173,Ollie
2018,26-Nov,0,0.38941,36.906772,Stigmochelys pardalis,41711,Charlie
2018,26-Nov,4,0.389398,36.906799,Stigmochelys pardalis,41711,Charlie
2018,26-Nov,8,0.38944,36.906799,Stigmochelys pardalis,41711,Charlie
2018,26-Nov,12,0.389396,36.906803,Stigmochelys pardalis,41711,Charlie
2018,26-Nov,16,0.388588,36.907642,Stigmochelys pardalis,41711,Charlie
2018,26-Nov,20,0.388641,36.907699,Stigmochelys pardalis,41711,Charlie
2018,26-Nov,23,0.388591,36.90763,Stigmochelys pardalis,41711,Charlie
2018,26-Nov,0,0.285711,36.887043,Stigmochelys pardalis,4170,Io
2018,26-Nov,4,0.285714,36.887043,Stigmochelys pardalis,4170,Io
2018,26-Nov,8,0.285731,36.887069,Stigmochelys pardalis,4170,Io
2018,26-Nov,12,0.285723,36.887081,Stigmochelys pardalis,4170,Io
2018,26-Nov,16,0.285765,36.887191,Stigmochelys pardalis,4170,Io
2018,26-Nov,20,0.285768,36.887069,Stigmochelys pardalis,4170,Io
2018,26-Nov,23,0.285726,36.887069,Stigmochelys pardalis,4170,Io
2018,26-Nov,0,0.431861,36.845127,Stigmochelys pardalis,4173,Ollie
2018,26-Nov,4,0.431881,36.845157,Stigmochelys pardalis,4173,Ollie
2018,26-Nov,8,0.43187,36.845115,Stigmochelys pardalis,4173,Ollie
2018,26-Nov,12,0.431863,36.845146,Stigmochelys pardalis,4173,Ollie
2018,26-Nov,16,0.431885,36.845172,Stigmochelys pardalis,4173,Ollie
2018,26-Nov,20,0.431895,36.8451,Stigmochelys pardalis,4173,Ollie
2018,26-Nov,23,0.431876,36.8451,Stigmochelys pardalis,4173,Ollie
2018,27-Nov,0,0.388561,36.907623,Stigmochelys pardalis,41711,Charlie
2018,27-Nov,4,0.388551,36.907669,Stigmochelys pardalis,41711,Charlie
2018,27-Nov,8,0.388571,36.907604,Stigmochelys pardalis,41711,Charlie
2018,27-Nov,12,0.388491,36.907432,Stigmochelys pardalis,41711,Charlie
2018,27-Nov,16,0.387736,36.907669,Stigmochelys pardalis,41711,Charlie
2018,27-Nov,20,0.387718,36.907611,Stigmochelys pardalis,41711,Charlie
2018,27-Nov,23,0.387708,36.907623,Stigmochelys pardalis,41711,Charlie
2018,27-Nov,0,0.285729,36.887039,Stigmochelys pardalis,4170,Io
2018,27-Nov,4,0.285746,36.887069,Stigmochelys pardalis,4170,Io
2018,27-Nov,8,0.285726,36.887069,Stigmochelys pardalis,4170,Io
2018,27-Nov,12,0.285738,36.8871,Stigmochelys pardalis,4170,Io
2018,27-Nov,16,0.285718,36.887058,Stigmochelys pardalis,4170,Io
2018,27-Nov,20,0.285748,36.887043,Stigmochelys pardalis,4170,Io
2018,27-Nov,23,0.285771,36.886966,Stigmochelys pardalis,4170,Io
2018,27-Nov,0,0.431876,36.845134,Stigmochelys pardalis,4173,Ollie
2018,27-Nov,4,0.431873,36.845134,Stigmochelys pardalis,4173,Ollie
2018,27-Nov,8,0.431841,36.8451,Stigmochelys pardalis,4173,Ollie
2018,27-Nov,12,0.431888,36.845146,Stigmochelys pardalis,4173,Ollie
2018,27-Nov,16,0.431903,36.845165,Stigmochelys pardalis,4173,Ollie
2018,27-Nov,20,0.431913,36.8451,Stigmochelys pardalis,4173,Ollie
2018,27-Nov,23,0.431873,36.8451,Stigmochelys pardalis,4173,Ollie
2018,28-Nov,0,0.387656,36.907623,Stigmochelys pardalis,41711,Charlie
2018,28-Nov,4,0.387738,36.907657,Stigmochelys pardalis,41711,Charlie
2018,28-Nov,8,0.3877,36.907623,Stigmochelys pardalis,41711,Charlie
2018,28-Nov,12,0.386818,36.906162,Stigmochelys pardalis,41711,Charlie
2018,28-Nov,16,0.386069,36.905445,Stigmochelys pardalis,41711,Charlie
2018,28-Nov,20,0.386105,36.905368,Stigmochelys pardalis,41711,Charlie
2018,28-Nov,23,0.386083,36.905372,Stigmochelys pardalis,41711,Charlie
2018,28-Nov,0,0.2857,36.88705,Stigmochelys pardalis,4170,Io
2018,28-Nov,4,0.285741,36.887157,Stigmochelys pardalis,4170,Io
2018,28-Nov,8,0.285776,36.887012,Stigmochelys pardalis,4170,Io
2018,28-Nov,12,0.286441,36.886871,Stigmochelys pardalis,4170,Io
2018,28-Nov,16,0.286473,36.886878,Stigmochelys pardalis,4170,Io
2018,28-Nov,20,0.286498,36.886852,Stigmochelys pardalis,4170,Io
2018,28-Nov,23,0.286481,36.886821,Stigmochelys pardalis,4170,Io
2018,28-Nov,0,0.431848,36.845119,Stigmochelys pardalis,4173,Ollie
2018,28-Nov,4,0.431876,36.845108,Stigmochelys pardalis,4173,Ollie
2018,28-Nov,8,0.431848,36.8451,Stigmochelys pardalis,4173,Ollie
2018,28-Nov,12,0.431893,36.845138,Stigmochelys pardalis,4173,Ollie
2018,28-Nov,16,0.431973,36.845386,Stigmochelys pardalis,4173,Ollie
2018,28-Nov,20,0.431885,36.845306,Stigmochelys pardalis,4173,Ollie
2018,28-Nov,23,0.431853,36.845336,Stigmochelys pardalis,4173,Ollie
2018,29-Nov,0,0.386063,36.905406,Stigmochelys pardalis,41711,Charlie
2018,29-Nov,4,0.386089,36.905361,Stigmochelys pardalis,41711,Charlie
2018,29-Nov,8,0.386061,36.905391,Stigmochelys pardalis,41711,Charlie
2018,29-Nov,12,0.386081,36.905349,Stigmochelys pardalis,41711,Charlie
2018,29-Nov,16,0.386066,36.905448,Stigmochelys pardalis,41711,Charlie
2018,29-Nov,20,0.386096,36.905372,Stigmochelys pardalis,41711,Charlie
2018,29-Nov,23,0.386093,36.905368,Stigmochelys pardalis,41711,Charlie
2018,29-Nov,0,0.286468,36.886898,Stigmochelys pardalis,4170,Io
2018,29-Nov,4,0.286473,36.88684,Stigmochelys pardalis,4170,Io
2018,29-Nov,8,0.286505,36.886871,Stigmochelys pardalis,4170,Io
2018,29-Nov,12,0.286508,36.886783,Stigmochelys pardalis,4170,Io
2018,29-Nov,16,0.286459,36.886898,Stigmochelys pardalis,4170,Io
2018,29-Nov,20,0.286479,36.886802,Stigmochelys pardalis,4170,Io
2018,29-Nov,23,0.286479,36.886833,Stigmochelys pardalis,4170,Io
2018,29-Nov,0,0.431843,36.845329,Stigmochelys pardalis,4173,Ollie
2018,29-Nov,4,0.431893,36.845306,Stigmochelys pardalis,4173,Ollie
2018,29-Nov,8,0.431953,36.845348,Stigmochelys pardalis,4173,Ollie
2018,29-Nov,12,0.431865,36.845336,Stigmochelys pardalis,4173,Ollie
2018,29-Nov,16,0.431878,36.845413,Stigmochelys pardalis,4173,Ollie
2018,29-Nov,20,0.431856,36.84531,Stigmochelys pardalis,4173,Ollie
2018,29-Nov,23,0.431873,36.845329,Stigmochelys pardalis,4173,Ollie
2018,30-Nov,0,0.386089,36.905372,Stigmochelys pardalis,41711,Charlie
2018,30-Nov,4,0.386123,36.905391,Stigmochelys pardalis,41711,Charlie
2018,30-Nov,8,0.386086,36.905372,Stigmochelys pardalis,41711,Charlie
2018,30-Nov,12,0.385226,36.905609,Stigmochelys pardalis,41711,Charlie
2018,30-Nov,16,0.384966,36.905712,Stigmochelys pardalis,41711,Charlie
2018,30-Nov,20,0.384968,36.905693,Stigmochelys pardalis,41711,Charlie
2018,30-Nov,23,0.384976,36.905666,Stigmochelys pardalis,41711,Charlie
2018,30-Nov,0,0.286479,36.886871,Stigmochelys pardalis,4170,Io
2018,30-Nov,4,0.286495,36.886859,Stigmochelys pardalis,4170,Io
2018,30-Nov,8,0.286459,36.886878,Stigmochelys pardalis,4170,Io
2018,30-Nov,12,0.286524,36.886867,Stigmochelys pardalis,4170,Io
2018,30-Nov,16,0.286458,36.886898,Stigmochelys pardalis,4170,Io
2018,30-Nov,20,0.286491,36.886821,Stigmochelys pardalis,4170,Io
2018,30-Nov,23,0.28649,36.886833,Stigmochelys pardalis,4170,Io
2018,30-Nov,0,0.431856,36.845325,Stigmochelys pardalis,4173,Ollie
2018,30-Nov,4,0.431904,36.845329,Stigmochelys pardalis,4173,Ollie
2018,30-Nov,8,0.431858,36.845329,Stigmochelys pardalis,4173,Ollie
2018,30-Nov,12,0.431861,36.845329,Stigmochelys pardalis,4173,Ollie
2018,30-Nov,16,0.431769,36.845401,Stigmochelys pardalis,4173,Ollie
2018,30-Nov,20,0.431891,36.845325,Stigmochelys pardalis,4173,Ollie
2018,30-Nov,23,0.431868,36.845325,Stigmochelys pardalis,4173,Ollie
2018,1-Dec,0,0.38497,36.905647,Stigmochelys pardalis,41711,Charlie
2018,1-Dec,4,0.384991,36.905677,Stigmochelys pardalis,41711,Charlie
2018,1-Dec,8,0.385008,36.905677,Stigmochelys pardalis,41711,Charlie
2018,1-Dec,12,0.384958,36.905742,Stigmochelys pardalis,41711,Charlie
2018,1-Dec,16,0.384986,36.905769,Stigmochelys pardalis,41711,Charlie
2018,1-Dec,20,0.384981,36.905666,Stigmochelys pardalis,41711,Charlie
2018,1-Dec,23,0.384971,36.905696,Stigmochelys pardalis,41711,Charlie
2018,1-Dec,0,0.286476,36.88684,Stigmochelys pardalis,4170,Io
2018,1-Dec,4,0.286495,36.886848,Stigmochelys pardalis,4170,Io
2018,1-Dec,8,0.28645,36.886867,Stigmochelys pardalis,4170,Io
2018,1-Dec,12,0.28652,36.886852,Stigmochelys pardalis,4170,Io
2018,1-Dec,16,0.286538,36.886928,Stigmochelys pardalis,4170,Io
2018,1-Dec,20,0.286538,36.88681,Stigmochelys pardalis,4170,Io
2018,1-Dec,23,0.286541,36.88681,Stigmochelys pardalis,4170,Io
2018,1-Dec,0,0.431853,36.845329,Stigmochelys pardalis,4173,Ollie
2018,1-Dec,4,0.43188,36.845325,Stigmochelys pardalis,4173,Ollie
2018,1-Dec,8,0.431835,36.845336,Stigmochelys pardalis,4173,Ollie
2018,1-Dec,12,0.43182,36.845348,Stigmochelys pardalis,4173,Ollie
2018,1-Dec,16,0.431855,36.845367,Stigmochelys pardalis,4173,Ollie
2018,1-Dec,20,0.431903,36.845336,Stigmochelys pardalis,4173,Ollie
2018,1-Dec,23,0.431885,36.845329,Stigmochelys pardalis,4173,Ollie
2018,2-Dec,0,0.384953,36.905696,Stigmochelys pardalis,41711,Charlie
2018,2-Dec,4,0.385,36.905696,Stigmochelys pardalis,41711,Charlie
2018,2-Dec,8,0.384976,36.905674,Stigmochelys pardalis,41711,Charlie
2018,2-Dec,12,0.384968,36.905677,Stigmochelys pardalis,41711,Charlie
2018,2-Dec,16,0.38454,36.904876,Stigmochelys pardalis,41711,Charlie
2018,2-Dec,20,0.384531,36.904808,Stigmochelys pardalis,41711,Charlie
2018,2-Dec,23,0.384563,36.904827,Stigmochelys pardalis,41711,Charlie
2018,2-Dec,0,0.286535,36.886867,Stigmochelys pardalis,4170,Io
2018,2-Dec,4,0.28655,36.886859,Stigmochelys pardalis,4170,Io
2018,2-Dec,8,0.286528,36.886871,Stigmochelys pardalis,4170,Io
2018,2-Dec,12,0.286478,36.887233,Stigmochelys pardalis,4170,Io
2018,2-Dec,16,0.28656,36.887992,Stigmochelys pardalis,4170,Io
2018,2-Dec,20,0.286635,36.887928,Stigmochelys pardalis,4170,Io
2018,2-Dec,23,0.28656,36.887966,Stigmochelys pardalis,4170,Io
2018,2-Dec,0,0.43187,36.845329,Stigmochelys pardalis,4173,Ollie
2018,2-Dec,4,0.431888,36.845367,Stigmochelys pardalis,4173,Ollie
2018,2-Dec,8,0.431858,36.845432,Stigmochelys pardalis,4173,Ollie
2018,2-Dec,12,0.431885,36.845298,Stigmochelys pardalis,4173,Ollie
2018,2-Dec,16,0.431823,36.845363,Stigmochelys pardalis,4173,Ollie
2018,2-Dec,20,0.431856,36.845329,Stigmochelys pardalis,4173,Ollie
2018,2-Dec,23,0.43185,36.845367,Stigmochelys pardalis,4173,Ollie
2018,3-Dec,0,0.38454,36.904834,Stigmochelys pardalis,41711,Charlie
2018,3-Dec,4,0.384553,36.904827,Stigmochelys pardalis,41711,Charlie
2018,3-Dec,8,0.384533,36.904838,Stigmochelys pardalis,41711,Charlie
2018,3-Dec,12,0.384446,36.90451,Stigmochelys pardalis,41711,Charlie
2018,3-Dec,16,0.384333,36.904472,Stigmochelys pardalis,41711,Charlie
2018,3-Dec,20,0.384403,36.904464,Stigmochelys pardalis,41711,Charlie
2018,3-Dec,23,0.384301,36.904453,Stigmochelys pardalis,41711,Charlie
2018,3-Dec,0,0.286569,36.887954,Stigmochelys pardalis,4170,Io
2018,3-Dec,4,0.286576,36.887939,Stigmochelys pardalis,4170,Io
2018,3-Dec,8,0.286526,36.887985,Stigmochelys pardalis,4170,Io
2018,3-Dec,12,0.286591,36.887973,Stigmochelys pardalis,4170,Io
2018,3-Dec,16,0.28661,36.888031,Stigmochelys pardalis,4170,Io
2018,3-Dec,20,0.286593,36.887958,Stigmochelys pardalis,4170,Io
2018,3-Dec,23,0.286541,36.887935,Stigmochelys pardalis,4170,Io
2018,3-Dec,0,0.43186,36.845348,Stigmochelys pardalis,4173,Ollie
2018,3-Dec,4,0.43185,36.845382,Stigmochelys pardalis,4173,Ollie
2018,3-Dec,8,0.431856,36.845401,Stigmochelys pardalis,4173,Ollie
2018,3-Dec,12,0.431856,36.845394,Stigmochelys pardalis,4173,Ollie
2018,3-Dec,16,0.431891,36.845367,Stigmochelys pardalis,4173,Ollie
2018,3-Dec,20,0.431921,36.845325,Stigmochelys pardalis,4173,Ollie
2018,3-Dec,23,0.431865,36.845325,Stigmochelys pardalis,4173,Ollie
2018,4-Dec,0,0.384321,36.904445,Stigmochelys pardalis,41711,Charlie
2018,4-Dec,4,0.384316,36.904483,Stigmochelys pardalis,41711,Charlie
2018,4-Dec,8,0.384316,36.904457,Stigmochelys pardalis,41711,Charlie
2018,4-Dec,12,0.384385,36.904445,Stigmochelys pardalis,41711,Charlie
2018,4-Dec,16,0.384463,36.905296,Stigmochelys pardalis,41711,Charlie
2018,4-Dec,20,0.384848,36.904655,Stigmochelys pardalis,41711,Charlie
2018,4-Dec,23,0.384801,36.904701,Stigmochelys pardalis,41711,Charlie
2018,4-Dec,0,0.286555,36.887966,Stigmochelys pardalis,4170,Io
2018,4-Dec,4,0.286569,36.887966,Stigmochelys pardalis,4170,Io
2018,4-Dec,8,0.28653,36.887966,Stigmochelys pardalis,4170,Io
2018,4-Dec,12,0.286576,36.887908,Stigmochelys pardalis,4170,Io
2018,4-Dec,16,0.286564,36.888072,Stigmochelys pardalis,4170,Io
2018,4-Dec,20,0.286558,36.887928,Stigmochelys pardalis,4170,Io
2018,4-Dec,23,0.286566,36.887939,Stigmochelys pardalis,4170,Io
2018,4-Dec,0,0.431878,36.845363,Stigmochelys pardalis,4173,Ollie
2018,4-Dec,4,0.431813,36.845375,Stigmochelys pardalis,4173,Ollie
2018,4-Dec,8,0.43185,36.845367,Stigmochelys pardalis,4173,Ollie
2018,4-Dec,12,0.431881,36.845367,Stigmochelys pardalis,4173,Ollie
2018,4-Dec,16,0.431865,36.845325,Stigmochelys pardalis,4173,Ollie
2018,4-Dec,20,0.431885,36.845329,Stigmochelys pardalis,4173,Ollie
2018,4-Dec,23,0.431863,36.84531,Stigmochelys pardalis,4173,Ollie
2018,5-Dec,0,0.38481,36.904682,Stigmochelys pardalis,41711,Charlie
2018,5-Dec,4,0.384811,36.904724,Stigmochelys pardalis,41711,Charlie
2018,5-Dec,8,0.384798,36.904674,Stigmochelys pardalis,41711,Charlie
2018,5-Dec,12,0.385531,36.905597,Stigmochelys pardalis,41711,Charlie
2018,5-Dec,16,0.386656,36.905181,Stigmochelys pardalis,41711,Charlie
2018,5-Dec,20,0.386641,36.905105,Stigmochelys pardalis,41711,Charlie
2018,5-Dec,23,0.386616,36.905139,Stigmochelys pardalis,41711,Charlie
2018,5-Dec,0,0.286548,36.887939,Stigmochelys pardalis,4170,Io
2018,5-Dec,4,0.286551,36.887935,Stigmochelys pardalis,4170,Io
2018,5-Dec,8,0.286553,36.887935,Stigmochelys pardalis,4170,Io
2018,5-Dec,12,0.286548,36.887935,Stigmochelys pardalis,4170,Io
2018,5-Dec,16,0.286606,36.888145,Stigmochelys pardalis,4170,Io
2018,5-Dec,20,0.286591,36.888004,Stigmochelys pardalis,4170,Io
2018,5-Dec,23,0.286571,36.887977,Stigmochelys pardalis,4170,Io
2018,5-Dec,0,0.431889,36.845329,Stigmochelys pardalis,4173,Ollie
2018,5-Dec,4,0.431871,36.845367,Stigmochelys pardalis,4173,Ollie
2018,5-Dec,8,0.431874,36.845325,Stigmochelys pardalis,4173,Ollie
2018,5-Dec,12,0.431876,36.845329,Stigmochelys pardalis,4173,Ollie
2018,5-Dec,16,0.431918,36.845367,Stigmochelys pardalis,4173,Ollie
2018,5-Dec,20,0.431783,36.845413,Stigmochelys pardalis,4173,Ollie
2018,5-Dec,23,0.431865,36.845348,Stigmochelys pardalis,4173,Ollie
2018,6-Dec,0,0.386636,36.905162,Stigmochelys pardalis,41711,Charlie
2018,6-Dec,4,0.38662,36.905143,Stigmochelys pardalis,41711,Charlie
2018,6-Dec,8,0.386591,36.905113,Stigmochelys pardalis,41711,Charlie
2018,6-Dec,12,0.386611,36.905124,Stigmochelys pardalis,41711,Charlie
2018,6-Dec,16,0.38713,36.906105,Stigmochelys pardalis,41711,Charlie
2018,6-Dec,20,0.387243,36.906097,Stigmochelys pardalis,41711,Charlie
2018,6-Dec,23,0.38717,36.906105,Stigmochelys pardalis,41711,Charlie
2018,6-Dec,0,0.286569,36.887901,Stigmochelys pardalis,4170,Io
2018,6-Dec,4,0.286553,36.887958,Stigmochelys pardalis,4170,Io
2018,6-Dec,8,0.28658,36.887939,Stigmochelys pardalis,4170,Io
2018,6-Dec,12,0.286576,36.887916,Stigmochelys pardalis,4170,Io
2018,6-Dec,16,0.286578,36.887935,Stigmochelys pardalis,4170,Io
2018,6-Dec,20,0.286581,36.887992,Stigmochelys pardalis,4170,Io
2018,6-Dec,23,0.286558,36.887966,Stigmochelys pardalis,4170,Io
2018,6-Dec,0,0.431876,36.845375,Stigmochelys pardalis,4173,Ollie
2018,6-Dec,4,0.431926,36.845527,Stigmochelys pardalis,4173,Ollie
2018,6-Dec,8,0.431871,36.845336,Stigmochelys pardalis,4173,Ollie
2018,6-Dec,12,0.431893,36.845356,Stigmochelys pardalis,4173,Ollie
2018,6-Dec,16,0.43191,36.845356,Stigmochelys pardalis,4173,Ollie
2018,6-Dec,20,0.431843,36.845336,Stigmochelys pardalis,4173,Ollie
2018,6-Dec,23,0.431865,36.845348,Stigmochelys pardalis,4173,Ollie
2018,7-Dec,0,0.387156,36.906097,Stigmochelys pardalis,41711,Charlie
2018,7-Dec,4,0.387139,36.906131,Stigmochelys pardalis,41711,Charlie
2018,7-Dec,8,0.387108,36.906078,Stigmochelys pardalis,41711,Charlie
2018,7-Dec,12,0.387161,36.906097,Stigmochelys pardalis,41711,Charlie
2018,7-Dec,16,0.3871,36.905914,Stigmochelys pardalis,41711,Charlie
2018,7-Dec,20,0.386811,36.90533,Stigmochelys pardalis,41711,Charlie
2018,7-Dec,23,0.386776,36.905284,Stigmochelys pardalis,41711,Charlie
2018,7-Dec,0,0.286558,36.887935,Stigmochelys pardalis,4170,Io
2018,7-Dec,4,0.286551,36.887958,Stigmochelys pardalis,4170,Io
2018,7-Dec,8,0.286536,36.887966,Stigmochelys pardalis,4170,Io
2018,7-Dec,12,0.286569,36.88792,Stigmochelys pardalis,4170,Io
2018,7-Dec,16,0.286584,36.887966,Stigmochelys pardalis,4170,Io
2018,7-Dec,20,0.28666,36.888034,Stigmochelys pardalis,4170,Io
2018,7-Dec,23,0.286536,36.887973,Stigmochelys pardalis,4170,Io
2018,7-Dec,0,0.431888,36.845325,Stigmochelys pardalis,4173,Ollie
2018,7-Dec,4,0.43187,36.845394,Stigmochelys pardalis,4173,Ollie
2018,7-Dec,8,0.431855,36.845336,Stigmochelys pardalis,4173,Ollie
2018,7-Dec,12,0.43186,36.845363,Stigmochelys pardalis,4173,Ollie
2018,7-Dec,16,0.43186,36.845382,Stigmochelys pardalis,4173,Ollie
2018,7-Dec,20,0.431923,36.845329,Stigmochelys pardalis,4173,Ollie
2018,7-Dec,23,0.431845,36.845325,Stigmochelys pardalis,4173,Ollie
2018,8-Dec,0,0.386785,36.905292,Stigmochelys pardalis,41711,Charlie
2018,8-Dec,4,0.386756,36.905311,Stigmochelys pardalis,41711,Charlie
2018,8-Dec,8,0.386768,36.905323,Stigmochelys pardalis,41711,Charlie
2018,8-Dec,12,0.386498,36.903625,Stigmochelys pardalis,41711,Charlie
2018,8-Dec,16,0.383731,36.899837,Stigmochelys pardalis,41711,Charlie
2018,8-Dec,20,0.383758,36.89978,Stigmochelys pardalis,41711,Charlie
2018,8-Dec,23,0.383728,36.899837,Stigmochelys pardalis,41711,Charlie
2018,8-Dec,0,0.286598,36.887878,Stigmochelys pardalis,4170,Io
2018,8-Dec,4,0.286569,36.887958,Stigmochelys pardalis,4170,Io
2018,8-Dec,8,0.286543,36.887977,Stigmochelys pardalis,4170,Io
2018,8-Dec,12,0.286588,36.887928,Stigmochelys pardalis,4170,Io
2018,8-Dec,16,0.286583,36.888004,Stigmochelys pardalis,4170,Io
2018,8-Dec,20,0.286631,36.887992,Stigmochelys pardalis,4170,Io
2018,8-Dec,23,0.286578,36.887985,Stigmochelys pardalis,4170,Io
2018,8-Dec,0,0.431873,36.845367,Stigmochelys pardalis,4173,Ollie
2018,8-Dec,4,0.431818,36.84531,Stigmochelys pardalis,4173,Ollie
2018,8-Dec,8,0.431858,36.845348,Stigmochelys pardalis,4173,Ollie
2018,8-Dec,12,0.431889,36.845298,Stigmochelys pardalis,4173,Ollie
2018,8-Dec,16,0.431856,36.845348,Stigmochelys pardalis,4173,Ollie
2018,8-Dec,20,0.43186,36.84531,Stigmochelys pardalis,4173,Ollie
2018,8-Dec,23,0.43184,36.845325,Stigmochelys pardalis,4173,Ollie
2018,9-Dec,0,0.383791,36.899856,Stigmochelys pardalis,41711,Charlie
2018,9-Dec,4,0.383713,36.89981,Stigmochelys pardalis,41711,Charlie
2018,9-Dec,8,0.383725,36.899841,Stigmochelys pardalis,41711,Charlie
2018,9-Dec,12,0.38333,36.89941,Stigmochelys pardalis,41711,Charlie
2018,9-Dec,16,0.381231,36.898124,Stigmochelys pardalis,41711,Charlie
2018,9-Dec,20,0.381195,36.898124,Stigmochelys pardalis,41711,Charlie
2018,9-Dec,23,0.381173,36.898132,Stigmochelys pardalis,41711,Charlie
2018,9-Dec,0,0.28656,36.887939,Stigmochelys pardalis,4170,Io
2018,9-Dec,4,0.286578,36.887977,Stigmochelys pardalis,4170,Io
2018,9-Dec,8,0.286524,36.887966,Stigmochelys pardalis,4170,Io
2018,9-Dec,12,0.286603,36.887928,Stigmochelys pardalis,4170,Io
2018,9-Dec,16,0.2866,36.887966,Stigmochelys pardalis,4170,Io
2018,9-Dec,20,0.286628,36.888031,Stigmochelys pardalis,4170,Io
2018,9-Dec,23,0.286563,36.887958,Stigmochelys pardalis,4170,Io
2018,9-Dec,0,0.431851,36.845394,Stigmochelys pardalis,4173,Ollie
2018,9-Dec,4,0.431806,36.845287,Stigmochelys pardalis,4173,Ollie
2018,9-Dec,8,0.431823,36.845375,Stigmochelys pardalis,4173,Ollie
2018,9-Dec,12,0.431874,36.845298,Stigmochelys pardalis,4173,Ollie
2018,9-Dec,16,0.431883,36.845325,Stigmochelys pardalis,4173,Ollie
2018,9-Dec,20,0.431881,36.845336,Stigmochelys pardalis,4173,Ollie
2018,9-Dec,23,0.43187,36.845382,Stigmochelys pardalis,4173,Ollie
2018,10-Dec,0,0.381156,36.898105,Stigmochelys pardalis,41711,Charlie
2018,10-Dec,4,0.381175,36.898132,Stigmochelys pardalis,41711,Charlie
2018,10-Dec,8,0.381156,36.898178,Stigmochelys pardalis,41711,Charlie
2018,10-Dec,12,0.381283,36.89801,Stigmochelys pardalis,41711,Charlie
2018,10-Dec,16,0.381768,36.896713,Stigmochelys pardalis,41711,Charlie
2018,10-Dec,20,0.381744,36.896728,Stigmochelys pardalis,41711,Charlie
2018,10-Dec,23,0.381731,36.896728,Stigmochelys pardalis,41711,Charlie
2018,10-Dec,0,0.286561,36.887954,Stigmochelys pardalis,4170,Io
2018,10-Dec,4,0.286553,36.887935,Stigmochelys pardalis,4170,Io
2018,10-Dec,8,0.286541,36.887947,Stigmochelys pardalis,4170,Io
2018,10-Dec,12,0.286605,36.887901,Stigmochelys pardalis,4170,Io
2018,10-Dec,16,0.2866,36.887996,Stigmochelys pardalis,4170,Io
2018,10-Dec,20,0.286578,36.887916,Stigmochelys pardalis,4170,Io
2018,10-Dec,23,0.286569,36.887947,Stigmochelys pardalis,4170,Io
2018,10-Dec,0,0.431876,36.845363,Stigmochelys pardalis,4173,Ollie
2018,10-Dec,4,0.431904,36.845279,Stigmochelys pardalis,4173,Ollie
2018,10-Dec,8,0.431858,36.845348,Stigmochelys pardalis,4173,Ollie
2018,10-Dec,12,0.431896,36.845623,Stigmochelys pardalis,4173,Ollie
2018,10-Dec,16,0.431558,36.846138,Stigmochelys pardalis,4173,Ollie
2018,10-Dec,20,0.431583,36.846042,Stigmochelys pardalis,4173,Ollie
2018,10-Dec,23,0.431546,36.846099,Stigmochelys pardalis,4173,Ollie
2018,11-Dec,0,0.381771,36.896694,Stigmochelys pardalis,41711,Charlie
2018,11-Dec,4,0.381761,36.89672,Stigmochelys pardalis,41711,Charlie
2018,11-Dec,8,0.381713,36.896663,Stigmochelys pardalis,41711,Charlie
2018,11-Dec,12,0.381778,36.896614,Stigmochelys pardalis,41711,Charlie
2018,11-Dec,16,0.381681,36.896732,Stigmochelys pardalis,41711,Charlie
2018,11-Dec,20,0.381733,36.896713,Stigmochelys pardalis,41711,Charlie
2018,11-Dec,23,0.381718,36.896732,Stigmochelys pardalis,41711,Charlie
2018,11-Dec,0,0.286563,36.887954,Stigmochelys pardalis,4170,Io
2018,11-Dec,4,0.286568,36.887958,Stigmochelys pardalis,4170,Io
2018,11-Dec,8,0.28655,36.887973,Stigmochelys pardalis,4170,Io
2018,11-Dec,12,0.286573,36.88792,Stigmochelys pardalis,4170,Io
2018,11-Dec,16,0.286605,36.887996,Stigmochelys pardalis,4170,Io
2018,11-Dec,20,0.286591,36.887908,Stigmochelys pardalis,4170,Io
2018,11-Dec,23,0.286571,36.887966,Stigmochelys pardalis,4170,Io
2018,11-Dec,0,0.431574,36.84608,Stigmochelys pardalis,4173,Ollie
2018,11-Dec,4,0.431556,36.846107,Stigmochelys pardalis,4173,Ollie
2018,11-Dec,8,0.431521,36.846111,Stigmochelys pardalis,4173,Ollie
2018,11-Dec,12,0.431588,36.846107,Stigmochelys pardalis,4173,Ollie
2018,11-Dec,16,0.431561,36.846176,Stigmochelys pardalis,4173,Ollie
2018,11-Dec,20,0.431561,36.846061,Stigmochelys pardalis,4173,Ollie
2018,11-Dec,23,0.431566,36.846054,Stigmochelys pardalis,4173,Ollie
2018,12-Dec,0,0.381761,36.896728,Stigmochelys pardalis,41711,Charlie
2018,12-Dec,4,0.38177,36.896732,Stigmochelys pardalis,41711,Charlie
2018,12-Dec,8,0.381766,36.896739,Stigmochelys pardalis,41711,Charlie
2018,12-Dec,12,0.381531,36.896766,Stigmochelys pardalis,41711,Charlie
2018,12-Dec,16,0.381629,36.896274,Stigmochelys pardalis,41711,Charlie
2018,12-Dec,20,0.381635,36.896263,Stigmochelys pardalis,41711,Charlie
2018,12-Dec,23,0.381616,36.89627,Stigmochelys pardalis,41711,Charlie
2018,12-Dec,0,0.28654,36.887958,Stigmochelys pardalis,4170,Io
2018,12-Dec,4,0.286583,36.887939,Stigmochelys pardalis,4170,Io
2018,12-Dec,8,0.28655,36.887954,Stigmochelys pardalis,4170,Io
2018,12-Dec,12,0.286584,36.887939,Stigmochelys pardalis,4170,Io
2018,12-Dec,16,0.286578,36.887977,Stigmochelys pardalis,4170,Io
2018,12-Dec,20,0.286568,36.887878,Stigmochelys pardalis,4170,Io
2018,12-Dec,23,0.28659,36.887958,Stigmochelys pardalis,4170,Io
2018,12-Dec,0,0.431576,36.84608,Stigmochelys pardalis,4173,Ollie
2018,12-Dec,4,0.431571,36.846111,Stigmochelys pardalis,4173,Ollie
2018,12-Dec,8,0.431543,36.846118,Stigmochelys pardalis,4173,Ollie
2018,12-Dec,12,0.43164,36.846073,Stigmochelys pardalis,4173,Ollie
2018,12-Dec,16,0.431628,36.846111,Stigmochelys pardalis,4173,Ollie
2018,12-Dec,20,0.431641,36.845935,Stigmochelys pardalis,4173,Ollie
2018,12-Dec,23,0.431641,36.84605,Stigmochelys pardalis,4173,Ollie
2018,13-Dec,0,0.38164,36.896274,Stigmochelys pardalis,41711,Charlie
2018,13-Dec,4,0.381673,36.896263,Stigmochelys pardalis,41711,Charlie
2018,13-Dec,8,0.381561,36.896308,Stigmochelys pardalis,41711,Charlie
2018,13-Dec,12,0.381566,36.895881,Stigmochelys pardalis,41711,Charlie
2018,13-Dec,16,0.381975,36.894538,Stigmochelys pardalis,41711,Charlie
2018,13-Dec,20,0.381961,36.89447,Stigmochelys pardalis,41711,Charlie
2018,13-Dec,23,0.381953,36.894489,Stigmochelys pardalis,41711,Charlie
2018,13-Dec,0,0.286541,36.887935,Stigmochelys pardalis,4170,Io
2018,13-Dec,4,0.286575,36.887935,Stigmochelys pardalis,4170,Io
2018,13-Dec,8,0.286553,36.887966,Stigmochelys pardalis,4170,Io
2018,13-Dec,12,0.28656,36.887973,Stigmochelys pardalis,4170,Io
2018,13-Dec,16,0.286593,36.887996,Stigmochelys pardalis,4170,Io
2018,13-Dec,20,0.28655,36.887897,Stigmochelys pardalis,4170,Io
2018,13-Dec,23,0.286541,36.887939,Stigmochelys pardalis,4170,Io
2018,13-Dec,0,0.431656,36.846099,Stigmochelys pardalis,4173,Ollie
2018,13-Dec,4,0.431681,36.846061,Stigmochelys pardalis,4173,Ollie
2018,13-Dec,8,0.431811,36.84608,Stigmochelys pardalis,4173,Ollie
2018,13-Dec,12,0.431786,36.846061,Stigmochelys pardalis,4173,Ollie
2018,13-Dec,16,0.431624,36.845928,Stigmochelys pardalis,4173,Ollie
2018,13-Dec,20,0.431621,36.845897,Stigmochelys pardalis,4173,Ollie
2018,13-Dec,23,0.431601,36.845882,Stigmochelys pardalis,4173,Ollie
2018,14-Dec,0,0.38197,36.89447,Stigmochelys pardalis,41711,Charlie
2018,14-Dec,4,0.381995,36.894489,Stigmochelys pardalis,41711,Charlie
2018,14-Dec,8,0.381935,36.894462,Stigmochelys pardalis,41711,Charlie
2018,14-Dec,12,0.38198,36.894462,Stigmochelys pardalis,41711,Charlie
2018,14-Dec,16,0.382001,36.894481,Stigmochelys pardalis,41711,Charlie
2018,14-Dec,20,0.38203,36.89447,Stigmochelys pardalis,41711,Charlie
2018,14-Dec,23,0.381971,36.894462,Stigmochelys pardalis,41711,Charlie
2018,14-Dec,0,0.286563,36.887939,Stigmochelys pardalis,4170,Io
2018,14-Dec,4,0.286593,36.887977,Stigmochelys pardalis,4170,Io
2018,14-Dec,8,0.286538,36.887928,Stigmochelys pardalis,4170,Io
2018,14-Dec,12,0.286555,36.887973,Stigmochelys pardalis,4170,Io
2018,14-Dec,16,0.28658,36.887996,Stigmochelys pardalis,4170,Io
2018,14-Dec,20,0.286588,36.887901,Stigmochelys pardalis,4170,Io
2018,14-Dec,23,0.28656,36.887947,Stigmochelys pardalis,4170,Io
2018,14-Dec,0,0.431624,36.845928,Stigmochelys pardalis,4173,Ollie
2018,14-Dec,4,0.431653,36.845935,Stigmochelys pardalis,4173,Ollie
2018,14-Dec,8,0.4316,36.845916,Stigmochelys pardalis,4173,Ollie
2018,14-Dec,12,0.431615,36.845916,Stigmochelys pardalis,4173,Ollie
2018,14-Dec,16,0.431608,36.845897,Stigmochelys pardalis,4173,Ollie
2018,14-Dec,20,0.431616,36.845901,Stigmochelys pardalis,4173,Ollie
2018,14-Dec,23,0.43161,36.845916,Stigmochelys pardalis,4173,Ollie
2018,15-Dec,0,0.382003,36.894481,Stigmochelys pardalis,41711,Charlie
2018,15-Dec,4,0.381996,36.894508,Stigmochelys pardalis,41711,Charlie
2018,15-Dec,8,0.382015,36.894596,Stigmochelys pardalis,41711,Charlie
2018,15-Dec,12,0.382005,36.894439,Stigmochelys pardalis,41711,Charlie
2018,15-Dec,16,0.382006,36.894458,Stigmochelys pardalis,41711,Charlie
2018,15-Dec,20,0.382003,36.89447,Stigmochelys pardalis,41711,Charlie
2018,15-Dec,23,0.381993,36.894481,Stigmochelys pardalis,41711,Charlie
2018,15-Dec,0,0.286563,36.887947,Stigmochelys pardalis,4170,Io
2018,15-Dec,4,0.286576,36.887985,Stigmochelys pardalis,4170,Io
2018,15-Dec,8,0.286538,36.887954,Stigmochelys pardalis,4170,Io
2018,15-Dec,12,0.286463,36.887966,Stigmochelys pardalis,4170,Io
2018,15-Dec,16,0.286576,36.887996,Stigmochelys pardalis,4170,Io
2018,15-Dec,20,0.286584,36.887966,Stigmochelys pardalis,4170,Io
2018,15-Dec,23,0.286581,36.887897,Stigmochelys pardalis,4170,Io
2018,15-Dec,0,0.431611,36.845916,Stigmochelys pardalis,4173,Ollie
2018,15-Dec,4,0.431673,36.84592,Stigmochelys pardalis,4173,Ollie
2018,15-Dec,8,0.431591,36.845935,Stigmochelys pardalis,4173,Ollie
2018,15-Dec,12,0.431701,36.845939,Stigmochelys pardalis,4173,Ollie
2018,15-Dec,16,0.431706,36.845935,Stigmochelys pardalis,4173,Ollie
2018,15-Dec,20,0.431705,36.845928,Stigmochelys pardalis,4173,Ollie
2018,15-Dec,23,0.431683,36.845928,Stigmochelys pardalis,4173,Ollie
2018,16-Dec,0,0.382005,36.8945,Stigmochelys pardalis,41711,Charlie
2018,16-Dec,4,0.38199,36.894462,Stigmochelys pardalis,41711,Charlie
2018,16-Dec,8,0.381958,36.894546,Stigmochelys pardalis,41711,Charlie
2018,16-Dec,12,0.381973,36.894451,Stigmochelys pardalis,41711,Charlie
2018,16-Dec,16,0.381998,36.894508,Stigmochelys pardalis,41711,Charlie
2018,16-Dec,20,0.381986,36.89447,Stigmochelys pardalis,41711,Charlie
2018,16-Dec,23,0.382,36.894496,Stigmochelys pardalis,41711,Charlie
2018,16-Dec,0,0.286568,36.887939,Stigmochelys pardalis,4170,Io
2018,16-Dec,4,0.286568,36.887977,Stigmochelys pardalis,4170,Io
2018,16-Dec,8,0.286523,36.887958,Stigmochelys pardalis,4170,Io
2018,16-Dec,12,0.286568,36.887996,Stigmochelys pardalis,4170,Io
2018,16-Dec,16,0.28659,36.887973,Stigmochelys pardalis,4170,Io
2018,16-Dec,20,0.286573,36.887935,Stigmochelys pardalis,4170,Io
2018,16-Dec,23,0.286545,36.887947,Stigmochelys pardalis,4170,Io
2018,16-Dec,0,0.431728,36.845947,Stigmochelys pardalis,4173,Ollie
2018,16-Dec,4,0.431701,36.846061,Stigmochelys pardalis,4173,Ollie
2018,16-Dec,8,0.431646,36.845935,Stigmochelys pardalis,4173,Ollie
2018,16-Dec,12,0.4317,36.845966,Stigmochelys pardalis,4173,Ollie
2018,16-Dec,16,0.431748,36.845935,Stigmochelys pardalis,4173,Ollie
2018,16-Dec,20,0.431696,36.845928,Stigmochelys pardalis,4173,Ollie
2018,16-Dec,23,0.431686,36.845935,Stigmochelys pardalis,4173,Ollie
2018,17-Dec,0,0.382005,36.8945,Stigmochelys pardalis,41711,Charlie
2018,17-Dec,4,0.381996,36.894527,Stigmochelys pardalis,41711,Charlie
2018,17-Dec,8,0.381995,36.894508,Stigmochelys pardalis,41711,Charlie
2018,17-Dec,12,0.381998,36.894516,Stigmochelys pardalis,41711,Charlie
2018,17-Dec,16,0.382006,36.894348,Stigmochelys pardalis,41711,Charlie
2018,17-Dec,20,0.381986,36.894462,Stigmochelys pardalis,41711,Charlie
2018,17-Dec,23,0.382013,36.894462,Stigmochelys pardalis,41711,Charlie
2018,17-Dec,0,0.286573,36.887947,Stigmochelys pardalis,4170,Io
2018,17-Dec,4,0.286581,36.887966,Stigmochelys pardalis,4170,Io
2018,17-Dec,8,0.286528,36.887939,Stigmochelys pardalis,4170,Io
2018,17-Dec,12,0.286576,36.887973,Stigmochelys pardalis,4170,Io
2018,17-Dec,16,0.286569,36.887958,Stigmochelys pardalis,4170,Io
2018,17-Dec,20,0.286556,36.887897,Stigmochelys pardalis,4170,Io
2018,17-Dec,23,0.286555,36.887916,Stigmochelys pardalis,4170,Io
2018,17-Dec,0,0.43172,36.845935,Stigmochelys pardalis,4173,Ollie
2018,17-Dec,4,0.431649,36.845966,Stigmochelys pardalis,4173,Ollie
2018,17-Dec,8,0.431678,36.84592,Stigmochelys pardalis,4173,Ollie
2018,17-Dec,12,0.431705,36.845993,Stigmochelys pardalis,4173,Ollie
2018,17-Dec,16,0.431695,36.845939,Stigmochelys pardalis,4173,Ollie
2018,17-Dec,20,0.431705,36.845935,Stigmochelys pardalis,4173,Ollie
2018,17-Dec,23,0.431685,36.84592,Stigmochelys pardalis,4173,Ollie
2018,18-Dec,0,0.381996,36.8945,Stigmochelys pardalis,41711,Charlie
2018,18-Dec,4,0.382003,36.894496,Stigmochelys pardalis,41711,Charlie
2018,18-Dec,8,0.381983,36.894496,Stigmochelys pardalis,41711,Charlie
2018,18-Dec,12,0.381973,36.894439,Stigmochelys pardalis,41711,Charlie
2018,18-Dec,16,0.381993,36.8945,Stigmochelys pardalis,41711,Charlie
2018,18-Dec,20,0.381988,36.89447,Stigmochelys pardalis,41711,Charlie
2018,18-Dec,23,0.381985,36.894496,Stigmochelys pardalis,41711,Charlie
2018,18-Dec,0,0.286611,36.887958,Stigmochelys pardalis,4170,Io
2018,18-Dec,4,0.286575,36.887973,Stigmochelys pardalis,4170,Io
2018,18-Dec,8,0.28653,36.887939,Stigmochelys pardalis,4170,Io
2018,18-Dec,12,0.286548,36.887958,Stigmochelys pardalis,4170,Io
2018,18-Dec,16,0.286575,36.887973,Stigmochelys pardalis,4170,Io
2018,18-Dec,20,0.286556,36.887844,Stigmochelys pardalis,4170,Io
2018,18-Dec,23,0.286645,36.888011,Stigmochelys pardalis,4170,Io
2018,18-Dec,0,0.431731,36.845958,Stigmochelys pardalis,4173,Ollie
2018,18-Dec,4,0.431683,36.845947,Stigmochelys pardalis,4173,Ollie
2018,18-Dec,8,0.431618,36.845909,Stigmochelys pardalis,4173,Ollie
2018,18-Dec,12,0.431723,36.845901,Stigmochelys pardalis,4173,Ollie
2018,18-Dec,16,0.431678,36.845939,Stigmochelys pardalis,4173,Ollie
2018,18-Dec,20,0.431648,36.845897,Stigmochelys pardalis,4173,Ollie
2018,18-Dec,23,0.431651,36.845939,Stigmochelys pardalis,4173,Ollie
2018,19-Dec,0,0.382008,36.894519,Stigmochelys pardalis,41711,Charlie
2018,19-Dec,4,0.382006,36.894538,Stigmochelys pardalis,41711,Charlie
2018,19-Dec,8,0.38197,36.894516,Stigmochelys pardalis,41711,Charlie
2018,19-Dec,12,0.381918,36.8945,Stigmochelys pardalis,41711,Charlie
2018,19-Dec,16,0.381401,36.89484,Stigmochelys pardalis,41711,Charlie
2018,19-Dec,20,0.381378,36.894763,Stigmochelys pardalis,41711,Charlie
2018,19-Dec,23,0.38141,36.894805,Stigmochelys pardalis,41711,Charlie
2018,19-Dec,0,0.286546,36.887916,Stigmochelys pardalis,4170,Io
2018,19-Dec,4,0.286564,36.887985,Stigmochelys pardalis,4170,Io
2018,19-Dec,8,0.286528,36.88792,Stigmochelys pardalis,4170,Io
2018,19-Dec,12,0.286578,36.887928,Stigmochelys pardalis,4170,Io
2018,19-Dec,16,0.286606,36.887973,Stigmochelys pardalis,4170,Io
2018,19-Dec,20,0.286569,36.887916,Stigmochelys pardalis,4170,Io
2018,19-Dec,23,0.286571,36.887935,Stigmochelys pardalis,4170,Io
2018,19-Dec,0,0.431696,36.845954,Stigmochelys pardalis,4173,Ollie
2018,19-Dec,4,0.431671,36.845958,Stigmochelys pardalis,4173,Ollie
2018,19-Dec,8,0.431603,36.845928,Stigmochelys pardalis,4173,Ollie
2018,19-Dec,12,0.43172,36.845928,Stigmochelys pardalis,4173,Ollie
2018,19-Dec,16,0.431705,36.845916,Stigmochelys pardalis,4173,Ollie
2018,19-Dec,20,0.43159,36.845935,Stigmochelys pardalis,4173,Ollie
2018,19-Dec,23,0.431701,36.845916,Stigmochelys pardalis,4173,Ollie
2018,20-Dec,0,0.381396,36.89484,Stigmochelys pardalis,41711,Charlie
2018,20-Dec,4,0.381414,36.894744,Stigmochelys pardalis,41711,Charlie
2018,20-Dec,8,0.381375,36.894863,Stigmochelys pardalis,41711,Charlie
2018,20-Dec,12,0.38141,36.894767,Stigmochelys pardalis,41711,Charlie
2018,20-Dec,16,0.381396,36.894844,Stigmochelys pardalis,41711,Charlie
2018,20-Dec,20,0.38136,36.894767,Stigmochelys pardalis,41711,Charlie
2018,20-Dec,23,0.381401,36.894813,Stigmochelys pardalis,41711,Charlie
2018,20-Dec,0,0.286564,36.887939,Stigmochelys pardalis,4170,Io
2018,20-Dec,4,0.28659,36.887928,Stigmochelys pardalis,4170,Io
2018,20-Dec,8,0.28654,36.887996,Stigmochelys pardalis,4170,Io
2018,20-Dec,12,0.28655,36.887928,Stigmochelys pardalis,4170,Io
2018,20-Dec,16,0.286598,36.887939,Stigmochelys pardalis,4170,Io
2018,20-Dec,20,0.286576,36.887928,Stigmochelys pardalis,4170,Io
2018,20-Dec,23,0.286561,36.88792,Stigmochelys pardalis,4170,Io
2018,20-Dec,0,0.431713,36.845939,Stigmochelys pardalis,4173,Ollie
2018,20-Dec,4,0.431706,36.845947,Stigmochelys pardalis,4173,Ollie
2018,20-Dec,8,0.4316,36.845966,Stigmochelys pardalis,4173,Ollie
2018,20-Dec,12,0.431921,36.845897,Stigmochelys pardalis,4173,Ollie
2018,20-Dec,16,0.432135,36.845642,Stigmochelys pardalis,4173,Ollie
2018,20-Dec,20,0.432063,36.845653,Stigmochelys pardalis,4173,Ollie
2018,20-Dec,23,0.432173,36.845634,Stigmochelys pardalis,4173,Ollie
2018,21-Dec,0,0.38142,36.894859,Stigmochelys pardalis,41711,Charlie
2018,21-Dec,4,0.38142,36.894832,Stigmochelys pardalis,41711,Charlie
2018,21-Dec,8,0.381345,36.894825,Stigmochelys pardalis,41711,Charlie
2018,21-Dec,12,0.381351,36.894763,Stigmochelys pardalis,41711,Charlie
2018,21-Dec,16,0.381426,36.894783,Stigmochelys pardalis,41711,Charlie
2018,21-Dec,20,0.381394,36.894832,Stigmochelys pardalis,41711,Charlie
2018,21-Dec,23,0.381394,36.894802,Stigmochelys pardalis,41711,Charlie
2018,21-Dec,0,0.286516,36.887958,Stigmochelys pardalis,4170,Io
2018,21-Dec,4,0.286593,36.887958,Stigmochelys pardalis,4170,Io
2018,21-Dec,8,0.286538,36.887966,Stigmochelys pardalis,4170,Io
2018,21-Dec,12,0.286566,36.887916,Stigmochelys pardalis,4170,Io
2018,21-Dec,16,0.286591,36.887973,Stigmochelys pardalis,4170,Io
2018,21-Dec,20,0.28656,36.887908,Stigmochelys pardalis,4170,Io
2018,21-Dec,23,0.286575,36.887973,Stigmochelys pardalis,4170,Io
2018,21-Dec,0,0.432173,36.845611,Stigmochelys pardalis,4173,Ollie
2018,21-Dec,4,0.432176,36.845596,Stigmochelys pardalis,4173,Ollie
2018,21-Dec,8,0.432168,36.845596,Stigmochelys pardalis,4173,Ollie
2018,21-Dec,12,0.431775,36.846061,Stigmochelys pardalis,4173,Ollie
2018,21-Dec,16,0.431908,36.846168,Stigmochelys pardalis,4173,Ollie
2018,21-Dec,20,0.431803,36.846073,Stigmochelys pardalis,4173,Ollie
2018,21-Dec,23,0.431853,36.846118,Stigmochelys pardalis,4173,Ollie
2018,22-Dec,0,0.381391,36.894783,Stigmochelys pardalis,41711,Charlie
2018,22-Dec,4,0.381401,36.894802,Stigmochelys pardalis,41711,Charlie
2018,22-Dec,8,0.381384,36.89487,Stigmochelys pardalis,41711,Charlie
2018,22-Dec,12,0.381368,36.894729,Stigmochelys pardalis,41711,Charlie
2018,22-Dec,16,0.38143,36.894794,Stigmochelys pardalis,41711,Charlie
2018,22-Dec,20,0.381371,36.894786,Stigmochelys pardalis,41711,Charlie
2018,22-Dec,23,0.3814,36.894783,Stigmochelys pardalis,41711,Charlie
2018,22-Dec,0,0.286543,36.887973,Stigmochelys pardalis,4170,Io
2018,22-Dec,4,0.286611,36.887977,Stigmochelys pardalis,4170,Io
2018,22-Dec,8,0.286533,36.88792,Stigmochelys pardalis,4170,Io
2018,22-Dec,12,0.286563,36.887916,Stigmochelys pardalis,4170,Io
2018,22-Dec,16,0.286605,36.887954,Stigmochelys pardalis,4170,Io
2018,22-Dec,20,0.286563,36.887939,Stigmochelys pardalis,4170,Io
2018,22-Dec,23,0.286583,36.887966,Stigmochelys pardalis,4170,Io
2018,22-Dec,0,0.431871,36.84613,Stigmochelys pardalis,4173,Ollie
2018,22-Dec,4,0.431886,36.846111,Stigmochelys pardalis,4173,Ollie
2018,22-Dec,8,0.431759,36.846157,Stigmochelys pardalis,4173,Ollie
2018,22-Dec,12,0.431233,36.846023,Stigmochelys pardalis,4173,Ollie
2018,22-Dec,16,0.431163,36.845764,Stigmochelys pardalis,4173,Ollie
2018,22-Dec,20,0.431125,36.84571,Stigmochelys pardalis,4173,Ollie
2018,22-Dec,23,0.43115,36.845729,Stigmochelys pardalis,4173,Ollie
2018,23-Dec,0,0.381375,36.894832,Stigmochelys pardalis,41711,Charlie
2018,23-Dec,4,0.381451,36.894916,Stigmochelys pardalis,41711,Charlie
2018,23-Dec,8,0.381364,36.894825,Stigmochelys pardalis,41711,Charlie
2018,23-Dec,12,0.38102,36.894966,Stigmochelys pardalis,41711,Charlie
2018,23-Dec,16,0.381018,36.895061,Stigmochelys pardalis,41711,Charlie
2018,23-Dec,20,0.381053,36.895011,Stigmochelys pardalis,41711,Charlie
2018,23-Dec,23,0.38103,36.894973,Stigmochelys pardalis,41711,Charlie
2018,23-Dec,0,0.286569,36.887996,Stigmochelys pardalis,4170,Io
2018,23-Dec,4,0.286608,36.887996,Stigmochelys pardalis,4170,Io
2018,23-Dec,8,0.28655,36.887916,Stigmochelys pardalis,4170,Io
2018,23-Dec,12,0.28653,36.887966,Stigmochelys pardalis,4170,Io
2018,23-Dec,16,0.286603,36.887935,Stigmochelys pardalis,4170,Io
2018,23-Dec,20,0.286564,36.887935,Stigmochelys pardalis,4170,Io
2018,23-Dec,23,0.286586,36.887966,Stigmochelys pardalis,4170,Io
2018,23-Dec,0,0.431146,36.845748,Stigmochelys pardalis,4173,Ollie
2018,23-Dec,4,0.431138,36.845783,Stigmochelys pardalis,4173,Ollie
2018,23-Dec,8,0.431115,36.845802,Stigmochelys pardalis,4173,Ollie
2018,23-Dec,12,0.431128,36.84571,Stigmochelys pardalis,4173,Ollie
2018,23-Dec,16,0.431093,36.845775,Stigmochelys pardalis,4173,Ollie
2018,23-Dec,20,0.431146,36.845706,Stigmochelys pardalis,4173,Ollie
2018,23-Dec,23,0.431148,36.845745,Stigmochelys pardalis,4173,Ollie
2018,24-Dec,0,0.381026,36.895004,Stigmochelys pardalis,41711,Charlie
2018,24-Dec,4,0.381026,36.894992,Stigmochelys pardalis,41711,Charlie
2018,24-Dec,8,0.381028,36.89505,Stigmochelys pardalis,41711,Charlie
2018,24-Dec,12,0.379408,36.895957,Stigmochelys pardalis,41711,Charlie
2018,24-Dec,16,0.379011,36.89608,Stigmochelys pardalis,41711,Charlie
2018,24-Dec,20,0.37909,36.896099,Stigmochelys pardalis,41711,Charlie
2018,24-Dec,23,0.379039,36.896091,Stigmochelys pardalis,41711,Charlie
2018,24-Dec,0,0.286556,36.887973,Stigmochelys pardalis,4170,Io
2018,24-Dec,4,0.286569,36.887977,Stigmochelys pardalis,4170,Io
2018,24-Dec,8,0.286546,36.887935,Stigmochelys pardalis,4170,Io
2018,24-Dec,12,0.286503,36.887992,Stigmochelys pardalis,4170,Io
2018,24-Dec,16,0.286583,36.887916,Stigmochelys pardalis,4170,Io
2018,24-Dec,20,0.28658,36.887928,Stigmochelys pardalis,4170,Io
2018,24-Dec,23,0.286555,36.88792,Stigmochelys pardalis,4170,Io
2018,24-Dec,0,0.431144,36.845729,Stigmochelys pardalis,4173,Ollie
2018,24-Dec,4,0.431126,36.845832,Stigmochelys pardalis,4173,Ollie
2018,24-Dec,8,0.431115,36.845806,Stigmochelys pardalis,4173,Ollie
2018,24-Dec,12,0.431153,36.845768,Stigmochelys pardalis,4173,Ollie
2018,24-Dec,16,0.431161,36.845794,Stigmochelys pardalis,4173,Ollie
2018,24-Dec,20,0.431146,36.845729,Stigmochelys pardalis,4173,Ollie
2018,24-Dec,23,0.431141,36.845718,Stigmochelys pardalis,4173,Ollie
2018,25-Dec,0,0.37905,36.896091,Stigmochelys pardalis,41711,Charlie
2018,25-Dec,4,0.378998,36.896137,Stigmochelys pardalis,41711,Charlie
2018,25-Dec,8,0.379023,36.896091,Stigmochelys pardalis,41711,Charlie
2018,25-Dec,12,0.379013,36.896045,Stigmochelys pardalis,41711,Charlie
2018,25-Dec,16,0.378526,36.895893,Stigmochelys pardalis,41711,Charlie
2018,25-Dec,20,0.378536,36.895908,Stigmochelys pardalis,41711,Charlie
2018,25-Dec,23,0.378503,36.895931,Stigmochelys pardalis,41711,Charlie
2018,25-Dec,0,0.286571,36.887958,Stigmochelys pardalis,4170,Io
2018,25-Dec,4,0.286553,36.887973,Stigmochelys pardalis,4170,Io
2018,25-Dec,8,0.286569,36.887939,Stigmochelys pardalis,4170,Io
2018,25-Dec,12,0.286546,36.887977,Stigmochelys pardalis,4170,Io
2018,25-Dec,16,0.286591,36.887939,Stigmochelys pardalis,4170,Io
2018,25-Dec,20,0.286583,36.887939,Stigmochelys pardalis,4170,Io
2018,25-Dec,23,0.286548,36.887863,Stigmochelys pardalis,4170,Io
2018,25-Dec,0,0.431141,36.845745,Stigmochelys pardalis,4173,Ollie
2018,25-Dec,4,0.431108,36.845844,Stigmochelys pardalis,4173,Ollie
2018,25-Dec,8,0.43117,36.845768,Stigmochelys pardalis,4173,Ollie
2018,25-Dec,12,0.431151,36.845764,Stigmochelys pardalis,4173,Ollie
2018,25-Dec,16,0.431173,36.845775,Stigmochelys pardalis,4173,Ollie
2018,25-Dec,20,0.43113,36.845706,Stigmochelys pardalis,4173,Ollie
2018,25-Dec,23,0.431148,36.84571,Stigmochelys pardalis,4173,Ollie
2018,26-Dec,0,0.378526,36.895927,Stigmochelys pardalis,41711,Charlie
2018,26-Dec,4,0.37845,36.895931,Stigmochelys pardalis,41711,Charlie
2018,26-Dec,8,0.378541,36.895938,Stigmochelys pardalis,41711,Charlie
2018,26-Dec,12,0.377596,36.896308,Stigmochelys pardalis,41711,Charlie
2018,26-Dec,16,0.375523,36.898399,Stigmochelys pardalis,41711,Charlie
2018,26-Dec,20,0.375523,36.898353,Stigmochelys pardalis,41711,Charlie
2018,26-Dec,23,0.375565,36.89838,Stigmochelys pardalis,41711,Charlie
2018,26-Dec,0,0.28656,36.887939,Stigmochelys pardalis,4170,Io
2018,26-Dec,4,0.286545,36.887966,Stigmochelys pardalis,4170,Io
2018,26-Dec,8,0.286576,36.887939,Stigmochelys pardalis,4170,Io
2018,26-Dec,12,0.286566,36.887954,Stigmochelys pardalis,4170,Io
2018,26-Dec,16,0.286586,36.887935,Stigmochelys pardalis,4170,Io
2018,26-Dec,20,0.286576,36.88792,Stigmochelys pardalis,4170,Io
2018,26-Dec,23,0.286536,36.887939,Stigmochelys pardalis,4170,Io
2018,26-Dec,0,0.431143,36.845768,Stigmochelys pardalis,4173,Ollie
2018,26-Dec,4,0.431135,36.845768,Stigmochelys pardalis,4173,Ollie
2018,26-Dec,8,0.431111,36.845726,Stigmochelys pardalis,4173,Ollie
2018,26-Dec,12,0.431161,36.845775,Stigmochelys pardalis,4173,Ollie
2018,26-Dec,16,0.431115,36.845764,Stigmochelys pardalis,4173,Ollie
2018,26-Dec,20,0.431136,36.845718,Stigmochelys pardalis,4173,Ollie
2018,26-Dec,23,0.431161,36.845764,Stigmochelys pardalis,4173,Ollie
2018,27-Dec,0,0.375531,36.898391,Stigmochelys pardalis,41711,Charlie
2018,27-Dec,4,0.375478,36.898407,Stigmochelys pardalis,41711,Charlie
2018,27-Dec,8,0.375536,36.898426,Stigmochelys pardalis,41711,Charlie
2018,27-Dec,12,0.375528,36.898426,Stigmochelys pardalis,41711,Charlie
2018,27-Dec,16,0.375521,36.898426,Stigmochelys pardalis,41711,Charlie
2018,27-Dec,20,0.375495,36.898349,Stigmochelys pardalis,41711,Charlie
2018,27-Dec,23,0.375549,36.898399,Stigmochelys pardalis,41711,Charlie
2018,27-Dec,0,0.286558,36.887928,Stigmochelys pardalis,4170,Io
2018,27-Dec,4,0.286581,36.887973,Stigmochelys pardalis,4170,Io
2018,27-Dec,8,0.286575,36.887973,Stigmochelys pardalis,4170,Io
2018,27-Dec,12,0.286546,36.887958,Stigmochelys pardalis,4170,Io
2018,27-Dec,16,0.286555,36.887958,Stigmochelys pardalis,4170,Io
2018,27-Dec,20,0.286564,36.887928,Stigmochelys pardalis,4170,Io
2018,27-Dec,23,0.28653,36.887928,Stigmochelys pardalis,4170,Io
2018,27-Dec,0,0.43114,36.845764,Stigmochelys pardalis,4173,Ollie
2018,27-Dec,4,0.431115,36.845726,Stigmochelys pardalis,4173,Ollie
2018,27-Dec,8,0.431128,36.845768,Stigmochelys pardalis,4173,Ollie
2018,27-Dec,12,0.431144,36.845787,Stigmochelys pardalis,4173,Ollie
2018,27-Dec,16,0.431146,36.845813,Stigmochelys pardalis,4173,Ollie
2018,27-Dec,20,0.431168,36.845691,Stigmochelys pardalis,4173,Ollie
2018,27-Dec,23,0.431144,36.845768,Stigmochelys pardalis,4173,Ollie
2018,28-Dec,0,0.375563,36.898368,Stigmochelys pardalis,41711,Charlie
2018,28-Dec,8,0.375538,36.89838,Stigmochelys pardalis,41711,Charlie
2018,28-Dec,12,0.375571,36.898361,Stigmochelys pardalis,41711,Charlie
2018,28-Dec,16,0.37661,36.898895,Stigmochelys pardalis,41711,Charlie
2018,28-Dec,20,0.376605,36.898849,Stigmochelys pardalis,41711,Charlie
2018,28-Dec,23,0.376628,36.898895,Stigmochelys pardalis,41711,Charlie
2018,28-Dec,0,0.286573,36.887928,Stigmochelys pardalis,4170,Io
2018,28-Dec,4,0.286583,36.887966,Stigmochelys pardalis,4170,Io
2018,28-Dec,8,0.286573,36.887958,Stigmochelys pardalis,4170,Io
2018,28-Dec,12,0.286556,36.887966,Stigmochelys pardalis,4170,Io
2018,28-Dec,16,0.286551,36.888015,Stigmochelys pardalis,4170,Io
2018,28-Dec,20,0.286538,36.887916,Stigmochelys pardalis,4170,Io
2018,28-Dec,23,0.286545,36.887939,Stigmochelys pardalis,4170,Io
2018,28-Dec,0,0.431144,36.845745,Stigmochelys pardalis,4173,Ollie
2018,28-Dec,4,0.431141,36.845775,Stigmochelys pardalis,4173,Ollie
2018,28-Dec,8,0.431166,36.845718,Stigmochelys pardalis,4173,Ollie
2018,28-Dec,12,0.431213,36.845787,Stigmochelys pardalis,4173,Ollie
2018,28-Dec,16,0.431138,36.845832,Stigmochelys pardalis,4173,Ollie
2018,28-Dec,20,0.431151,36.845726,Stigmochelys pardalis,4173,Ollie
2018,28-Dec,23,0.431165,36.845768,Stigmochelys pardalis,4173,Ollie
2018,29-Dec,0,0.376593,36.898887,Stigmochelys pardalis,41711,Charlie
2018,29-Dec,4,0.37661,36.898868,Stigmochelys pardalis,41711,Charlie
2018,29-Dec,8,0.37661,36.898925,Stigmochelys pardalis,41711,Charlie
2018,29-Dec,12,0.376623,36.898857,Stigmochelys pardalis,41711,Charlie
2018,29-Dec,16,0.376678,36.899036,Stigmochelys pardalis,41711,Charlie
2018,29-Dec,20,0.37654,36.898963,Stigmochelys pardalis,41711,Charlie
2018,29-Dec,23,0.376583,36.899059,Stigmochelys pardalis,41711,Charlie
2018,29-Dec,0,0.286558,36.887928,Stigmochelys pardalis,4170,Io
2018,29-Dec,4,0.286598,36.88792,Stigmochelys pardalis,4170,Io
2018,29-Dec,8,0.286553,36.887928,Stigmochelys pardalis,4170,Io
2018,29-Dec,12,0.286545,36.887966,Stigmochelys pardalis,4170,Io
2018,29-Dec,16,0.286543,36.888034,Stigmochelys pardalis,4170,Io
2018,29-Dec,20,0.286541,36.88792,Stigmochelys pardalis,4170,Io
2018,29-Dec,23,0.286606,36.887947,Stigmochelys pardalis,4170,Io
2018,29-Dec,0,0.431158,36.845768,Stigmochelys pardalis,4173,Ollie
2018,29-Dec,4,0.431183,36.845764,Stigmochelys pardalis,4173,Ollie
2018,29-Dec,8,0.431195,36.845726,Stigmochelys pardalis,4173,Ollie
2018,29-Dec,12,0.431185,36.845764,Stigmochelys pardalis,4173,Ollie
2018,29-Dec,16,0.431151,36.845859,Stigmochelys pardalis,4173,Ollie
2018,29-Dec,20,0.431135,36.845794,Stigmochelys pardalis,4173,Ollie
2018,29-Dec,23,0.43117,36.845768,Stigmochelys pardalis,4173,Ollie
2018,30-Dec,0,0.376561,36.899036,Stigmochelys pardalis,41711,Charlie
2018,30-Dec,4,0.376561,36.899036,Stigmochelys pardalis,41711,Charlie
2018,30-Dec,8,0.37654,36.899036,Stigmochelys pardalis,41711,Charlie
2018,30-Dec,12,0.3766,36.899028,Stigmochelys pardalis,41711,Charlie
2018,30-Dec,16,0.376553,36.899154,Stigmochelys pardalis,41711,Charlie
2018,30-Dec,20,0.376555,36.899047,Stigmochelys pardalis,41711,Charlie
2018,30-Dec,23,0.376575,36.899074,Stigmochelys pardalis,41711,Charlie
2018,30-Dec,0,0.286561,36.887958,Stigmochelys pardalis,4170,Io
2018,30-Dec,4,0.286656,36.887939,Stigmochelys pardalis,4170,Io
2018,30-Dec,8,0.286564,36.887947,Stigmochelys pardalis,4170,Io
2018,30-Dec,12,0.28659,36.88792,Stigmochelys pardalis,4170,Io
2018,30-Dec,16,0.286548,36.888015,Stigmochelys pardalis,4170,Io
2018,30-Dec,20,0.286548,36.887882,Stigmochelys pardalis,4170,Io
2018,30-Dec,23,0.286596,36.887947,Stigmochelys pardalis,4170,Io
2018,30-Dec,0,0.43117,36.845775,Stigmochelys pardalis,4173,Ollie
2018,30-Dec,4,0.431186,36.845748,Stigmochelys pardalis,4173,Ollie
2018,30-Dec,8,0.431173,36.845787,Stigmochelys pardalis,4173,Ollie
2018,30-Dec,12,0.431204,36.845737,Stigmochelys pardalis,4173,Ollie
2018,30-Dec,16,0.43115,36.845832,Stigmochelys pardalis,4173,Ollie
2018,30-Dec,20,0.431166,36.845706,Stigmochelys pardalis,4173,Ollie
2018,30-Dec,23,0.431183,36.845764,Stigmochelys pardalis,4173,Ollie
