YEAR,DATE,HOUR,MINUTE,location-long,location-lat,SPECIES,TAG,individual-local-identifier
2019,1-Jan,0,0,0.286573,36.887947,Stigmochelys pardalis,4170,Io
2019,1-Jan,4,0,0.286611,36.887935,Stigmochelys pardalis,4170,Io
2019,1-Jan,8,0,0.286571,36.887928,Stigmochelys pardalis,4170,Io
2019,1-Jan,12,0,0.286605,36.887954,Stigmochelys pardalis,4170,Io
2019,1-Jan,16,0,0.286541,36.887996,Stigmochelys pardalis,4170,Io
2019,1-Jan,20,0,0.286556,36.887901,Stigmochelys pardalis,4170,Io
2019,1-Jan,23,0,0.286611,36.887947,Stigmochelys pardalis,4170,Io
2019,2-Jan,0,0,0.286575,36.887966,Stigmochelys pardalis,4170,Io
2019,2-Jan,4,0,0.286611,36.887966,Stigmochelys pardalis,4170,Io
2019,2-Jan,8,0,0.286623,36.887996,Stigmochelys pardalis,4170,Io
2019,2-Jan,12,0,0.286581,36.887935,Stigmochelys pardalis,4170,Io
2019,2-Jan,16,0,0.286561,36.887939,Stigmochelys pardalis,4170,Io
2019,2-Jan,20,0,0.28655,36.887928,Stigmochelys pardalis,4170,Io
2019,2-Jan,23,0,0.286618,36.887928,Stigmochelys pardalis,4170,Io
2019,3-Jan,0,0,0.286581,36.887928,Stigmochelys pardalis,4170,Io
2019,3-Jan,4,0,0.286603,36.887954,Stigmochelys pardalis,4170,Io
2019,3-Jan,8,0,0.286591,36.887958,Stigmochelys pardalis,4170,Io
2019,3-Jan,12,0,0.286633,36.887882,Stigmochelys pardalis,4170,Io
2019,3-Jan,16,0,0.286564,36.887939,Stigmochelys pardalis,4170,Io
2019,3-Jan,20,0,0.28655,36.887958,Stigmochelys pardalis,4170,Io
2019,3-Jan,23,0,0.286576,36.888011,Stigmochelys pardalis,4170,Io
2019,4-Jan,0,0,0.286595,36.887935,Stigmochelys pardalis,4170,Io
2019,4-Jan,4,0,0.286605,36.887996,Stigmochelys pardalis,4170,Io
2019,4-Jan,8,0,0.28659,36.887966,Stigmochelys pardalis,4170,Io
2019,4-Jan,12,0,0.286628,36.887908,Stigmochelys pardalis,4170,Io
2019,4-Jan,16,0,0.28658,36.88792,Stigmochelys pardalis,4170,Io
2019,4-Jan,20,0,0.286553,36.887958,Stigmochelys pardalis,4170,Io
2019,4-Jan,23,0,0.286593,36.887966,Stigmochelys pardalis,4170,Io
2019,5-Jan,0,0,0.286575,36.887939,Stigmochelys pardalis,4170,Io
2019,5-Jan,4,0,0.286586,36.887947,Stigmochelys pardalis,4170,Io
2019,5-Jan,8,0,0.286586,36.887954,Stigmochelys pardalis,4170,Io
2019,5-Jan,12,0,0.286566,36.887966,Stigmochelys pardalis,4170,Io
2019,5-Jan,16,0,0.286453,36.887947,Stigmochelys pardalis,4170,Io
2019,5-Jan,20,0,0.286556,36.887954,Stigmochelys pardalis,4170,Io
2019,5-Jan,23,0,0.286569,36.887973,Stigmochelys pardalis,4170,Io
2019,6-Jan,0,0,0.286584,36.887935,Stigmochelys pardalis,4170,Io
2019,6-Jan,4,0,0.28655,36.887947,Stigmochelys pardalis,4170,Io
2019,6-Jan,8,0,0.286548,36.887954,Stigmochelys pardalis,4170,Io
2019,6-Jan,12,0,0.286601,36.887939,Stigmochelys pardalis,4170,Io
2019,6-Jan,16,0,0.286553,36.887935,Stigmochelys pardalis,4170,Io
2019,6-Jan,20,0,0.286575,36.887958,Stigmochelys pardalis,4170,Io
2019,6-Jan,23,0,0.286569,36.887992,Stigmochelys pardalis,4170,Io
2019,7-Jan,0,0,0.286588,36.887916,Stigmochelys pardalis,4170,Io
2019,7-Jan,4,0,0.286576,36.887939,Stigmochelys pardalis,4170,Io
2019,7-Jan,8,0,0.286611,36.888034,Stigmochelys pardalis,4170,Io
2019,7-Jan,12,0,0.286614,36.887939,Stigmochelys pardalis,4170,Io
2019,7-Jan,16,0,0.286564,36.887947,Stigmochelys pardalis,4170,Io
2019,7-Jan,20,0,0.286561,36.887954,Stigmochelys pardalis,4170,Io
2019,7-Jan,23,0,0.28658,36.887992,Stigmochelys pardalis,4170,Io
2019,8-Jan,0,0,0.286588,36.887908,Stigmochelys pardalis,4170,Io
2019,8-Jan,4,0,0.286588,36.887939,Stigmochelys pardalis,4170,Io
2019,8-Jan,8,0,0.28656,36.887928,Stigmochelys pardalis,4170,Io
2019,8-Jan,12,0,0.286638,36.887966,Stigmochelys pardalis,4170,Io
2019,8-Jan,16,0,0.286575,36.887928,Stigmochelys pardalis,4170,Io
2019,8-Jan,20,0,0.286548,36.887901,Stigmochelys pardalis,4170,Io
2019,8-Jan,23,0,0.286591,36.887939,Stigmochelys pardalis,4170,Io
2019,9-Jan,0,0,0.286586,36.887928,Stigmochelys pardalis,4170,Io
2019,9-Jan,4,0,0.286581,36.887901,Stigmochelys pardalis,4170,Io
2019,9-Jan,8,0,0.286578,36.887935,Stigmochelys pardalis,4170,Io
2019,9-Jan,12,0,0.28662,36.887973,Stigmochelys pardalis,4170,Io
2019,9-Jan,16,0,0.286558,36.887939,Stigmochelys pardalis,4170,Io
2019,9-Jan,20,0,0.286563,36.887935,Stigmochelys pardalis,4170,Io
2019,9-Jan,23,0,0.286578,36.887966,Stigmochelys pardalis,4170,Io
2019,10-Jan,0,0,0.286561,36.887928,Stigmochelys pardalis,4170,Io
2019,10-Jan,4,0,0.286621,36.887954,Stigmochelys pardalis,4170,Io
2019,10-Jan,8,0,0.286583,36.887928,Stigmochelys pardalis,4170,Io
2019,10-Jan,12,0,0.286588,36.887947,Stigmochelys pardalis,4170,Io
2019,10-Jan,16,0,0.286545,36.88792,Stigmochelys pardalis,4170,Io
2019,10-Jan,20,0,0.286528,36.887935,Stigmochelys pardalis,4170,Io
2019,10-Jan,23,0,0.286583,36.887958,Stigmochelys pardalis,4170,Io
2019,11-Jan,0,0,0.286563,36.887939,Stigmochelys pardalis,4170,Io
2019,11-Jan,4,0,0.286584,36.887901,Stigmochelys pardalis,4170,Io
2019,11-Jan,8,0,0.286605,36.887928,Stigmochelys pardalis,4170,Io
2019,11-Jan,12,0,0.286558,36.887939,Stigmochelys pardalis,4170,Io
2019,11-Jan,16,0,0.286555,36.887916,Stigmochelys pardalis,4170,Io
2019,11-Jan,20,0,0.286566,36.887958,Stigmochelys pardalis,4170,Io
2019,11-Jan,23,0,0.286568,36.887939,Stigmochelys pardalis,4170,Io
2019,12-Jan,0,0,0.28656,36.887935,Stigmochelys pardalis,4170,Io
2019,12-Jan,4,0,0.286623,36.887977,Stigmochelys pardalis,4170,Io
2019,12-Jan,8,0,0.28658,36.887935,Stigmochelys pardalis,4170,Io
2019,12-Jan,12,0,0.286595,36.887966,Stigmochelys pardalis,4170,Io
2019,12-Jan,16,0,0.286555,36.887939,Stigmochelys pardalis,4170,Io
2019,12-Jan,20,0,0.286566,36.887947,Stigmochelys pardalis,4170,Io
2019,12-Jan,23,0,0.286576,36.887916,Stigmochelys pardalis,4170,Io
2019,13-Jan,0,0,0.28658,36.887908,Stigmochelys pardalis,4170,Io
2019,13-Jan,4,0,0.286603,36.887958,Stigmochelys pardalis,4170,Io
2019,13-Jan,8,0,0.286593,36.887939,Stigmochelys pardalis,4170,Io
2019,13-Jan,12,0,0.286586,36.887966,Stigmochelys pardalis,4170,Io
2019,13-Jan,16,0,0.286573,36.887939,Stigmochelys pardalis,4170,Io
2019,13-Jan,20,0,0.286566,36.887939,Stigmochelys pardalis,4170,Io
2019,13-Jan,23,0,0.286556,36.887939,Stigmochelys pardalis,4170,Io
2019,14-Jan,0,0,0.286571,36.887901,Stigmochelys pardalis,4170,Io
2019,14-Jan,4,0,0.28659,36.887935,Stigmochelys pardalis,4170,Io
2019,14-Jan,8,0,0.2866,36.887901,Stigmochelys pardalis,4170,Io
2019,14-Jan,12,0,0.286618,36.888042,Stigmochelys pardalis,4170,Io
2019,14-Jan,16,0,0.286575,36.887947,Stigmochelys pardalis,4170,Io
2019,14-Jan,20,0,0.286563,36.887935,Stigmochelys pardalis,4170,Io
2019,14-Jan,23,0,0.28658,36.887947,Stigmochelys pardalis,4170,Io
2019,15-Jan,0,0,0.286576,36.887939,Stigmochelys pardalis,4170,Io
2019,15-Jan,4,0,0.2866,36.887935,Stigmochelys pardalis,4170,Io
2019,15-Jan,8,0,0.286608,36.887928,Stigmochelys pardalis,4170,Io
2019,15-Jan,12,0,0.286614,36.888004,Stigmochelys pardalis,4170,Io
2019,15-Jan,16,0,0.286571,36.887954,Stigmochelys pardalis,4170,Io
2019,15-Jan,20,0,0.286538,36.887935,Stigmochelys pardalis,4170,Io
2019,15-Jan,23,0,0.286575,36.887939,Stigmochelys pardalis,4170,Io
2019,16-Jan,0,0,0.286584,36.887947,Stigmochelys pardalis,4170,Io
2019,16-Jan,4,0,0.286596,36.887966,Stigmochelys pardalis,4170,Io
2019,16-Jan,8,0,0.286581,36.887901,Stigmochelys pardalis,4170,Io
2019,16-Jan,12,0,0.28662,36.887958,Stigmochelys pardalis,4170,Io
2019,16-Jan,16,0,0.286588,36.887935,Stigmochelys pardalis,4170,Io
2019,16-Jan,20,0,0.286548,36.887935,Stigmochelys pardalis,4170,Io
2019,16-Jan,23,0,0.286546,36.887966,Stigmochelys pardalis,4170,Io
2019,17-Jan,0,0,0.28655,36.887935,Stigmochelys pardalis,4170,Io
2019,17-Jan,4,0,0.286568,36.887935,Stigmochelys pardalis,4170,Io
2019,17-Jan,8,0,0.286563,36.887908,Stigmochelys pardalis,4170,Io
2019,17-Jan,12,0,0.286638,36.887992,Stigmochelys pardalis,4170,Io
2019,17-Jan,16,0,0.286564,36.887935,Stigmochelys pardalis,4170,Io
2019,17-Jan,20,0,0.286563,36.887947,Stigmochelys pardalis,4170,Io
2019,17-Jan,23,0,0.286593,36.887832,Stigmochelys pardalis,4170,Io
2019,18-Jan,0,0,0.286573,36.88792,Stigmochelys pardalis,4170,Io
2019,18-Jan,4,0,0.286571,36.887947,Stigmochelys pardalis,4170,Io
2019,18-Jan,8,0,0.286564,36.887916,Stigmochelys pardalis,4170,Io
2019,18-Jan,12,0,0.286658,36.887947,Stigmochelys pardalis,4170,Io
2019,18-Jan,16,0,0.286583,36.887928,Stigmochelys pardalis,4170,Io
2019,18-Jan,20,0,0.286555,36.887958,Stigmochelys pardalis,4170,Io
2019,18-Jan,23,0,0.286596,36.887935,Stigmochelys pardalis,4170,Io
2019,19-Jan,0,0,0.286566,36.887916,Stigmochelys pardalis,4170,Io
2019,19-Jan,4,0,0.286576,36.887966,Stigmochelys pardalis,4170,Io
2019,19-Jan,8,0,0.286598,36.887821,Stigmochelys pardalis,4170,Io
2019,19-Jan,12,0,0.286646,36.887916,Stigmochelys pardalis,4170,Io
2019,19-Jan,16,0,0.286601,36.887939,Stigmochelys pardalis,4170,Io
2019,19-Jan,20,0,0.286533,36.887939,Stigmochelys pardalis,4170,Io
2019,19-Jan,23,0,0.286596,36.887947,Stigmochelys pardalis,4170,Io
2019,20-Jan,0,0,0.286591,36.887901,Stigmochelys pardalis,4170,Io
2019,20-Jan,4,0,0.28662,36.887966,Stigmochelys pardalis,4170,Io
2019,20-Jan,8,0,0.286598,36.887863,Stigmochelys pardalis,4170,Io
2019,20-Jan,12,0,0.286576,36.887954,Stigmochelys pardalis,4170,Io
2019,20-Jan,16,0,0.293213,36.898773,Stigmochelys pardalis,4170,Io
2019,21-Jan,0,0,0.293175,36.898601,Stigmochelys pardalis,4170,Io
2019,21-Jan,23,0,0.293151,36.898616,Stigmochelys pardalis,4170,Io
2019,22-Jan,0,0,0.293196,36.898723,Stigmochelys pardalis,4170,Io
2019,22-Jan,23,0,0.2932,36.898563,Stigmochelys pardalis,4170,Io
2019,23-Jan,0,0,0.29316,36.898544,Stigmochelys pardalis,4170,Io
2019,23-Jan,4,0,0.293121,36.898521,Stigmochelys pardalis,4170,Io
2019,23-Jan,8,0,0.293151,36.898559,Stigmochelys pardalis,4170,Io
2019,23-Jan,23,0,0.293173,36.89862,Stigmochelys pardalis,4170,Io
2019,24-Jan,0,0,0.29314,36.898601,Stigmochelys pardalis,4170,Io
2019,24-Jan,23,0,0.29318,36.898666,Stigmochelys pardalis,4170,Io
2019,25-Jan,0,0,0.293138,36.898616,Stigmochelys pardalis,4170,Io
2019,25-Jan,4,0,0.293284,36.898616,Stigmochelys pardalis,4170,Io
2019,25-Jan,12,0,0.29315,36.898716,Stigmochelys pardalis,4170,Io
2019,25-Jan,20,0,0.293135,36.898601,Stigmochelys pardalis,4170,Io
2019,25-Jan,23,0,0.293138,36.898616,Stigmochelys pardalis,4170,Io
2019,26-Jan,0,0,0.293153,36.898601,Stigmochelys pardalis,4170,Io
2019,26-Jan,4,0,0.293098,36.898544,Stigmochelys pardalis,4170,Io
2019,26-Jan,8,0,0.293135,36.898544,Stigmochelys pardalis,4170,Io
2019,26-Jan,12,0,0.293171,36.898658,Stigmochelys pardalis,4170,Io
2019,26-Jan,16,0,0.293178,36.89854,Stigmochelys pardalis,4170,Io
2019,26-Jan,20,0,0.293155,36.898578,Stigmochelys pardalis,4170,Io
2019,26-Jan,23,0,0.293184,36.898674,Stigmochelys pardalis,4170,Io
2019,27-Jan,0,0,0.293156,36.898578,Stigmochelys pardalis,4170,Io
2019,27-Jan,16,0,0.293176,36.898578,Stigmochelys pardalis,4170,Io
2019,27-Jan,20,0,0.293051,36.898563,Stigmochelys pardalis,4170,Io
2019,27-Jan,23,0,0.293138,36.898571,Stigmochelys pardalis,4170,Io
2019,28-Jan,0,0,0.293128,36.89862,Stigmochelys pardalis,4170,Io
2019,28-Jan,12,0,0.293155,36.898609,Stigmochelys pardalis,4170,Io
2019,28-Jan,16,0,0.293163,36.898468,Stigmochelys pardalis,4170,Io
2019,28-Jan,20,0,0.293168,36.898666,Stigmochelys pardalis,4170,Io
2019,28-Jan,23,0,0.293166,36.898666,Stigmochelys pardalis,4170,Io
2019,29-Jan,0,0,0.293176,36.898502,Stigmochelys pardalis,4170,Io
2019,29-Jan,12,0,0.293128,36.898578,Stigmochelys pardalis,4170,Io
2019,29-Jan,16,0,0.293171,36.898468,Stigmochelys pardalis,4170,Io
2019,29-Jan,20,0,0.293076,36.898582,Stigmochelys pardalis,4170,Io
2019,29-Jan,23,0,0.293161,36.898609,Stigmochelys pardalis,4170,Io
2019,30-Jan,0,0,0.293143,36.898563,Stigmochelys pardalis,4170,Io
2019,30-Jan,4,0,0.292886,36.898506,Stigmochelys pardalis,4170,Io
2019,30-Jan,8,0,0.293214,36.898712,Stigmochelys pardalis,4170,Io
2019,30-Jan,12,0,0.293169,36.898704,Stigmochelys pardalis,4170,Io
2019,30-Jan,16,0,0.293186,36.898506,Stigmochelys pardalis,4170,Io
2019,30-Jan,20,0,0.293228,36.898723,Stigmochelys pardalis,4170,Io
2019,30-Jan,23,0,0.293165,36.898597,Stigmochelys pardalis,4170,Io
2019,31-Jan,0,0,0.293126,36.898609,Stigmochelys pardalis,4170,Io
2019,31-Jan,4,0,0.293131,36.898601,Stigmochelys pardalis,4170,Io
2019,31-Jan,8,0,0.293136,36.898563,Stigmochelys pardalis,4170,Io
2019,31-Jan,12,0,0.293143,36.898658,Stigmochelys pardalis,4170,Io
2019,31-Jan,16,0,0.293173,36.898563,Stigmochelys pardalis,4170,Io
2019,31-Jan,20,0,0.293118,36.898513,Stigmochelys pardalis,4170,Io
2019,31-Jan,23,0,0.293126,36.898571,Stigmochelys pardalis,4170,Io
2019,1-Feb,0,0,0.293075,36.898532,Stigmochelys pardalis,4170,Io
2019,1-Feb,4,0,0.293115,36.898571,Stigmochelys pardalis,4170,Io
2019,1-Feb,8,0,0.293176,36.89862,Stigmochelys pardalis,4170,Io
2019,1-Feb,12,0,0.293108,36.898475,Stigmochelys pardalis,4170,Io
2019,1-Feb,16,0,0.293173,36.898597,Stigmochelys pardalis,4170,Io
2019,1-Feb,20,0,0.29321,36.898723,Stigmochelys pardalis,4170,Io
2019,1-Feb,23,0,0.293148,36.898578,Stigmochelys pardalis,4170,Io
2018,3-Jul,8,0,0.293166,36.898521,Stigmochelys pardalis,4170,Io
2018,3-Jul,12,0,0.282116,36.89693,Stigmochelys pardalis,4170,Io
2018,3-Jul,16,0,0.27819,36.889026,Stigmochelys pardalis,4170,Io
2018,3-Jul,20,0,0.278196,36.889045,Stigmochelys pardalis,4170,Io
2018,3-Jul,23,0,0.278235,36.889083,Stigmochelys pardalis,4170,Io
2018,4-Jul,0,0,0.278208,36.889034,Stigmochelys pardalis,4170,Io
2018,4-Jul,4,0,0.278215,36.889045,Stigmochelys pardalis,4170,Io
2018,4-Jul,8,0,0.278185,36.88908,Stigmochelys pardalis,4170,Io
2018,4-Jul,12,0,0.278176,36.88908,Stigmochelys pardalis,4170,Io
2018,4-Jul,16,0,0.278269,36.889167,Stigmochelys pardalis,4170,Io
2018,4-Jul,20,0,0.278241,36.889194,Stigmochelys pardalis,4170,Io
2018,4-Jul,23,0,0.278281,36.889167,Stigmochelys pardalis,4170,Io
2018,5-Jul,0,0,0.278246,36.889137,Stigmochelys pardalis,4170,Io
2018,5-Jul,4,0,0.278233,36.88916,Stigmochelys pardalis,4170,Io
2018,5-Jul,8,0,0.278265,36.88911,Stigmochelys pardalis,4170,Io
2018,5-Jul,12,0,0.278216,36.889179,Stigmochelys pardalis,4170,Io
2018,5-Jul,16,0,0.279563,36.889644,Stigmochelys pardalis,4170,Io
2018,5-Jul,20,0,0.278166,36.889427,Stigmochelys pardalis,4170,Io
2018,5-Jul,23,0,0.278185,36.889423,Stigmochelys pardalis,4170,Io
2018,6-Jul,0,0,0.278164,36.889404,Stigmochelys pardalis,4170,Io
2018,6-Jul,4,0,0.278143,36.889389,Stigmochelys pardalis,4170,Io
2018,6-Jul,8,0,0.278195,36.889366,Stigmochelys pardalis,4170,Io
2018,6-Jul,12,0,0.278145,36.889442,Stigmochelys pardalis,4170,Io
2018,6-Jul,16,0,0.275908,36.891143,Stigmochelys pardalis,4170,Io
2018,6-Jul,20,0,0.276418,36.891525,Stigmochelys pardalis,4170,Io
2018,6-Jul,23,0,0.276445,36.891506,Stigmochelys pardalis,4170,Io
2018,7-Jul,0,0,0.27644,36.891532,Stigmochelys pardalis,4170,Io
2018,7-Jul,4,0,0.276413,36.891525,Stigmochelys pardalis,4170,Io
2018,7-Jul,8,0,0.276503,36.891487,Stigmochelys pardalis,4170,Io
2018,7-Jul,12,0,0.277148,36.889884,Stigmochelys pardalis,4170,Io
2018,7-Jul,16,0,0.276986,36.890228,Stigmochelys pardalis,4170,Io
2018,7-Jul,20,0,0.277191,36.889873,Stigmochelys pardalis,4170,Io
2018,7-Jul,23,0,0.277263,36.889816,Stigmochelys pardalis,4170,Io
2018,8-Jul,0,0,0.277226,36.889823,Stigmochelys pardalis,4170,Io
2018,8-Jul,4,0,0.277243,36.889816,Stigmochelys pardalis,4170,Io
2018,8-Jul,8,0,0.277235,36.889778,Stigmochelys pardalis,4170,Io
2018,8-Jul,12,0,0.276963,36.890132,Stigmochelys pardalis,4170,Io
2018,8-Jul,16,0,0.27839,36.889999,Stigmochelys pardalis,4170,Io
2018,8-Jul,20,0,0.278355,36.88998,Stigmochelys pardalis,4170,Io
2018,8-Jul,23,0,0.278401,36.890014,Stigmochelys pardalis,4170,Io
2018,9-Jul,0,0,0.27839,36.889999,Stigmochelys pardalis,4170,Io
2018,9-Jul,4,0,0.278341,36.88998,Stigmochelys pardalis,4170,Io
2018,9-Jul,8,0,0.278365,36.889961,Stigmochelys pardalis,4170,Io
2018,9-Jul,12,0,0.278373,36.889213,Stigmochelys pardalis,4170,Io
2018,9-Jul,16,0,0.280131,36.889911,Stigmochelys pardalis,4170,Io
2018,9-Jul,20,0,0.280051,36.88998,Stigmochelys pardalis,4170,Io
2018,9-Jul,23,0,0.28012,36.8899,Stigmochelys pardalis,4170,Io
2018,10-Jul,0,0,0.280109,36.889919,Stigmochelys pardalis,4170,Io
2018,10-Jul,4,0,0.280093,36.889961,Stigmochelys pardalis,4170,Io
2018,10-Jul,8,0,0.280125,36.889904,Stigmochelys pardalis,4170,Io
2018,10-Jul,12,0,0.280145,36.889827,Stigmochelys pardalis,4170,Io
2018,10-Jul,16,0,0.280281,36.889732,Stigmochelys pardalis,4170,Io
2018,10-Jul,20,0,0.280216,36.889728,Stigmochelys pardalis,4170,Io
2018,10-Jul,23,0,0.280249,36.889728,Stigmochelys pardalis,4170,Io
2018,11-Jul,0,0,0.280246,36.88974,Stigmochelys pardalis,4170,Io
2018,11-Jul,4,0,0.280249,36.889789,Stigmochelys pardalis,4170,Io
2018,11-Jul,8,0,0.280198,36.889713,Stigmochelys pardalis,4170,Io
2018,11-Jul,12,0,0.28023,36.889747,Stigmochelys pardalis,4170,Io
2018,11-Jul,16,0,0.279966,36.889465,Stigmochelys pardalis,4170,Io
2018,11-Jul,20,0,0.279906,36.889598,Stigmochelys pardalis,4170,Io
2018,11-Jul,23,0,0.279936,36.889511,Stigmochelys pardalis,4170,Io
2018,12-Jul,0,0,0.279925,36.88953,Stigmochelys pardalis,4170,Io
2018,12-Jul,4,0,0.279935,36.88953,Stigmochelys pardalis,4170,Io
2018,12-Jul,8,0,0.279891,36.88948,Stigmochelys pardalis,4170,Io
2018,12-Jul,12,0,0.27989,36.889499,Stigmochelys pardalis,4170,Io
2018,12-Jul,16,0,0.279418,36.88935,Stigmochelys pardalis,4170,Io
2018,12-Jul,20,0,0.279945,36.889598,Stigmochelys pardalis,4170,Io
2018,12-Jul,23,0,0.27993,36.889472,Stigmochelys pardalis,4170,Io
2018,13-Jul,0,0,0.279935,36.889453,Stigmochelys pardalis,4170,Io
2018,13-Jul,4,0,0.27991,36.88948,Stigmochelys pardalis,4170,Io
2018,13-Jul,8,0,0.27991,36.889492,Stigmochelys pardalis,4170,Io
2018,13-Jul,12,0,0.276986,36.889873,Stigmochelys pardalis,4170,Io
2018,13-Jul,16,0,0.275841,36.891159,Stigmochelys pardalis,4170,Io
2018,13-Jul,20,0,0.275741,36.891101,Stigmochelys pardalis,4170,Io
2018,13-Jul,23,0,0.275736,36.891067,Stigmochelys pardalis,4170,Io
2018,14-Jul,0,0,0.275763,36.891082,Stigmochelys pardalis,4170,Io
2018,14-Jul,4,0,0.275735,36.891075,Stigmochelys pardalis,4170,Io
2018,14-Jul,8,0,0.275796,36.891124,Stigmochelys pardalis,4170,Io
2018,14-Jul,12,0,0.275858,36.891162,Stigmochelys pardalis,4170,Io
2018,14-Jul,16,0,0.27818,36.889415,Stigmochelys pardalis,4170,Io
2018,14-Jul,20,0,0.278196,36.889427,Stigmochelys pardalis,4170,Io
2018,14-Jul,23,0,0.278195,36.889408,Stigmochelys pardalis,4170,Io
2018,15-Jul,0,0,0.278196,36.889427,Stigmochelys pardalis,4170,Io
2018,15-Jul,4,0,0.278158,36.889404,Stigmochelys pardalis,4170,Io
2018,15-Jul,8,0,0.278208,36.889427,Stigmochelys pardalis,4170,Io
2018,15-Jul,12,0,0.278145,36.889358,Stigmochelys pardalis,4170,Io
2018,15-Jul,16,0,0.278311,36.889369,Stigmochelys pardalis,4170,Io
2018,15-Jul,20,0,0.278173,36.889434,Stigmochelys pardalis,4170,Io
2018,15-Jul,23,0,0.278171,36.889408,Stigmochelys pardalis,4170,Io
2018,16-Jul,0,0,0.278176,36.889434,Stigmochelys pardalis,4170,Io
2018,16-Jul,4,0,0.278145,36.889404,Stigmochelys pardalis,4170,Io
2018,16-Jul,8,0,0.278208,36.889415,Stigmochelys pardalis,4170,Io
2018,16-Jul,12,0,0.278111,36.889442,Stigmochelys pardalis,4170,Io
2018,16-Jul,16,0,0.27815,36.889408,Stigmochelys pardalis,4170,Io
2018,16-Jul,20,0,0.278153,36.889446,Stigmochelys pardalis,4170,Io
2018,16-Jul,23,0,0.278176,36.889415,Stigmochelys pardalis,4170,Io
2018,17-Jul,0,0,0.278178,36.889423,Stigmochelys pardalis,4170,Io
2018,17-Jul,4,0,0.278146,36.889415,Stigmochelys pardalis,4170,Io
2018,17-Jul,8,0,0.278188,36.889408,Stigmochelys pardalis,4170,Io
2018,17-Jul,12,0,0.278125,36.889446,Stigmochelys pardalis,4170,Io
2018,17-Jul,16,0,0.280958,36.891735,Stigmochelys pardalis,4170,Io
2018,17-Jul,20,0,0.280868,36.891563,Stigmochelys pardalis,4170,Io
2018,17-Jul,23,0,0.280851,36.891578,Stigmochelys pardalis,4170,Io
2018,18-Jul,0,0,0.280853,36.891578,Stigmochelys pardalis,4170,Io
2018,18-Jul,4,0,0.280839,36.891635,Stigmochelys pardalis,4170,Io
2018,18-Jul,8,0,0.280856,36.891563,Stigmochelys pardalis,4170,Io
2018,18-Jul,12,0,0.281446,36.890815,Stigmochelys pardalis,4170,Io
2018,18-Jul,16,0,0.282448,36.891105,Stigmochelys pardalis,4170,Io
2018,18-Jul,20,0,0.282458,36.891178,Stigmochelys pardalis,4170,Io
2018,18-Jul,23,0,0.28244,36.891132,Stigmochelys pardalis,4170,Io
2018,19-Jul,0,0,0.282468,36.89117,Stigmochelys pardalis,4170,Io
2018,19-Jul,4,0,0.282436,36.891159,Stigmochelys pardalis,4170,Io
2018,19-Jul,8,0,0.282425,36.891101,Stigmochelys pardalis,4170,Io
2018,19-Jul,12,0,0.283841,36.890941,Stigmochelys pardalis,4170,Io
2018,19-Jul,16,0,0.284863,36.889923,Stigmochelys pardalis,4170,Io
2018,19-Jul,20,0,0.28492,36.889957,Stigmochelys pardalis,4170,Io
2018,19-Jul,23,0,0.284883,36.889987,Stigmochelys pardalis,4170,Io
2018,20-Jul,0,0,0.284873,36.889999,Stigmochelys pardalis,4170,Io
2018,20-Jul,4,0,0.284888,36.890113,Stigmochelys pardalis,4170,Io
2018,20-Jul,8,0,0.284878,36.889919,Stigmochelys pardalis,4170,Io
2018,20-Jul,12,0,0.284825,36.890026,Stigmochelys pardalis,4170,Io
2018,20-Jul,16,0,0.288896,36.889614,Stigmochelys pardalis,4170,Io
2018,20-Jul,20,0,0.288885,36.889663,Stigmochelys pardalis,4170,Io
2018,20-Jul,23,0,0.288913,36.889625,Stigmochelys pardalis,4170,Io
2018,21-Jul,0,0,0.288903,36.889663,Stigmochelys pardalis,4170,Io
2018,21-Jul,4,0,0.288866,36.889663,Stigmochelys pardalis,4170,Io
2018,21-Jul,8,0,0.288858,36.889633,Stigmochelys pardalis,4170,Io
2018,21-Jul,12,0,0.288883,36.889732,Stigmochelys pardalis,4170,Io
2018,21-Jul,16,0,0.288936,36.889637,Stigmochelys pardalis,4170,Io
2018,21-Jul,20,0,0.288931,36.889713,Stigmochelys pardalis,4170,Io
2018,21-Jul,23,0,0.288876,36.88969,Stigmochelys pardalis,4170,Io
2018,22-Jul,0,0,0.288911,36.889709,Stigmochelys pardalis,4170,Io
2018,22-Jul,4,0,0.288911,36.88969,Stigmochelys pardalis,4170,Io
2018,22-Jul,8,0,0.28889,36.889644,Stigmochelys pardalis,4170,Io
2018,22-Jul,12,0,0.289115,36.88993,Stigmochelys pardalis,4170,Io
2018,22-Jul,16,0,0.288295,36.892131,Stigmochelys pardalis,4170,Io
2018,22-Jul,20,0,0.288308,36.892181,Stigmochelys pardalis,4170,Io
2018,22-Jul,23,0,0.288268,36.892169,Stigmochelys pardalis,4170,Io
2018,23-Jul,0,0,0.288301,36.892131,Stigmochelys pardalis,4170,Io
2018,23-Jul,4,0,0.288278,36.892124,Stigmochelys pardalis,4170,Io
2018,23-Jul,8,0,0.288313,36.892162,Stigmochelys pardalis,4170,Io
2018,23-Jul,12,0,0.28827,36.892169,Stigmochelys pardalis,4170,Io
2018,23-Jul,16,0,0.288295,36.892135,Stigmochelys pardalis,4170,Io
2018,23-Jul,20,0,0.288321,36.892131,Stigmochelys pardalis,4170,Io
2018,23-Jul,23,0,0.28828,36.892169,Stigmochelys pardalis,4170,Io
2018,24-Jul,0,0,0.288286,36.892162,Stigmochelys pardalis,4170,Io
2018,24-Jul,4,0,0.28828,36.892131,Stigmochelys pardalis,4170,Io
2018,24-Jul,8,0,0.28827,36.892162,Stigmochelys pardalis,4170,Io
2018,24-Jul,12,0,0.288324,36.89215,Stigmochelys pardalis,4170,Io
2018,24-Jul,16,0,0.288251,36.892135,Stigmochelys pardalis,4170,Io
2018,24-Jul,20,0,0.28832,36.892112,Stigmochelys pardalis,4170,Io
2018,24-Jul,23,0,0.28831,36.892169,Stigmochelys pardalis,4170,Io
2018,25-Jul,0,0,0.288288,36.892162,Stigmochelys pardalis,4170,Io
2018,25-Jul,4,0,0.288286,36.892162,Stigmochelys pardalis,4170,Io
2018,25-Jul,8,0,0.288256,36.892169,Stigmochelys pardalis,4170,Io
2018,25-Jul,12,0,0.288271,36.89215,Stigmochelys pardalis,4170,Io
2018,25-Jul,16,0,0.288243,36.89215,Stigmochelys pardalis,4170,Io
2018,25-Jul,20,0,0.288265,36.892131,Stigmochelys pardalis,4170,Io
2018,25-Jul,23,0,0.28824,36.892124,Stigmochelys pardalis,4170,Io
2018,26-Jul,0,0,0.288286,36.892173,Stigmochelys pardalis,4170,Io
2018,26-Jul,4,0,0.288209,36.89215,Stigmochelys pardalis,4170,Io
2018,26-Jul,8,0,0.288273,36.892124,Stigmochelys pardalis,4170,Io
2018,26-Jul,12,0,0.288246,36.892131,Stigmochelys pardalis,4170,Io
2018,26-Jul,16,0,0.288238,36.89215,Stigmochelys pardalis,4170,Io
2018,26-Jul,20,0,0.288275,36.892135,Stigmochelys pardalis,4170,Io
2018,26-Jul,23,0,0.288236,36.892097,Stigmochelys pardalis,4170,Io
2018,27-Jul,0,0,0.2883,36.892169,Stigmochelys pardalis,4170,Io
2018,27-Jul,4,0,0.288261,36.892105,Stigmochelys pardalis,4170,Io
2018,27-Jul,8,0,0.288276,36.892135,Stigmochelys pardalis,4170,Io
2018,27-Jul,12,0,0.288265,36.89215,Stigmochelys pardalis,4170,Io
2018,27-Jul,16,0,0.288243,36.892105,Stigmochelys pardalis,4170,Io
2018,27-Jul,20,0,0.288261,36.8922,Stigmochelys pardalis,4170,Io
2018,27-Jul,23,0,0.288265,36.89215,Stigmochelys pardalis,4170,Io
2018,28-Jul,0,0,0.288288,36.892169,Stigmochelys pardalis,4170,Io
2018,28-Jul,4,0,0.288271,36.892074,Stigmochelys pardalis,4170,Io
2018,28-Jul,8,0,0.288265,36.892169,Stigmochelys pardalis,4170,Io
2018,28-Jul,12,0,0.288251,36.892154,Stigmochelys pardalis,4170,Io
2018,28-Jul,16,0,0.288248,36.89215,Stigmochelys pardalis,4170,Io
2018,28-Jul,20,0,0.288265,36.892086,Stigmochelys pardalis,4170,Io
2018,28-Jul,23,0,0.28825,36.892162,Stigmochelys pardalis,4170,Io
2018,29-Jul,0,0,0.288311,36.892162,Stigmochelys pardalis,4170,Io
2018,29-Jul,4,0,0.288251,36.892105,Stigmochelys pardalis,4170,Io
2018,29-Jul,8,0,0.288236,36.892124,Stigmochelys pardalis,4170,Io
2018,29-Jul,12,0,0.28924,36.891502,Stigmochelys pardalis,4170,Io
2018,29-Jul,16,0,0.289358,36.891647,Stigmochelys pardalis,4170,Io
2018,29-Jul,20,0,0.289356,36.891601,Stigmochelys pardalis,4170,Io
2018,29-Jul,23,0,0.289346,36.891647,Stigmochelys pardalis,4170,Io
2018,30-Jul,0,0,0.289338,36.891628,Stigmochelys pardalis,4170,Io
2018,30-Jul,4,0,0.28936,36.891666,Stigmochelys pardalis,4170,Io
2018,30-Jul,8,0,0.289334,36.891597,Stigmochelys pardalis,4170,Io
2018,30-Jul,12,0,0.28908,36.891101,Stigmochelys pardalis,4170,Io
2018,30-Jul,16,0,0.289038,36.891132,Stigmochelys pardalis,4170,Io
2018,30-Jul,20,0,0.28908,36.891132,Stigmochelys pardalis,4170,Io
2018,30-Jul,23,0,0.289076,36.891132,Stigmochelys pardalis,4170,Io
2018,31-Jul,0,0,0.289106,36.891132,Stigmochelys pardalis,4170,Io
2018,31-Jul,4,0,0.289071,36.891101,Stigmochelys pardalis,4170,Io
2018,31-Jul,8,0,0.289063,36.891113,Stigmochelys pardalis,4170,Io
2018,31-Jul,12,0,0.289036,36.891124,Stigmochelys pardalis,4170,Io
2018,31-Jul,16,0,0.288858,36.889644,Stigmochelys pardalis,4170,Io
2018,31-Jul,20,0,0.288886,36.889675,Stigmochelys pardalis,4170,Io
2018,31-Jul,23,0,0.288878,36.889656,Stigmochelys pardalis,4170,Io
2018,1-Aug,0,0,0.288883,36.889675,Stigmochelys pardalis,4170,Io
2018,1-Aug,4,0,0.288873,36.889637,Stigmochelys pardalis,4170,Io
2018,1-Aug,8,0,0.288855,36.889682,Stigmochelys pardalis,4170,Io
2018,1-Aug,12,0,0.288849,36.889652,Stigmochelys pardalis,4170,Io
2018,1-Aug,16,0,0.288865,36.889633,Stigmochelys pardalis,4170,Io
2018,1-Aug,20,0,0.288888,36.88969,Stigmochelys pardalis,4170,Io
2018,1-Aug,23,0,0.288908,36.889701,Stigmochelys pardalis,4170,Io
2018,2-Aug,0,0,0.288915,36.88969,Stigmochelys pardalis,4170,Io
2018,2-Aug,4,0,0.288868,36.889644,Stigmochelys pardalis,4170,Io
2018,2-Aug,8,0,0.288865,36.889652,Stigmochelys pardalis,4170,Io
2018,2-Aug,12,0,0.288831,36.889701,Stigmochelys pardalis,4170,Io
2018,2-Aug,16,0,0.288895,36.889625,Stigmochelys pardalis,4170,Io
2018,2-Aug,20,0,0.288935,36.889751,Stigmochelys pardalis,4170,Io
2018,2-Aug,23,0,0.288881,36.889701,Stigmochelys pardalis,4170,Io
2018,3-Aug,0,0,0.288911,36.889682,Stigmochelys pardalis,4170,Io
2018,3-Aug,4,0,0.288871,36.889759,Stigmochelys pardalis,4170,Io
2018,3-Aug,8,0,0.28886,36.889663,Stigmochelys pardalis,4170,Io
2018,3-Aug,12,0,0.288851,36.889804,Stigmochelys pardalis,4170,Io
2018,3-Aug,16,0,0.28889,36.889675,Stigmochelys pardalis,4170,Io
2018,3-Aug,20,0,0.288923,36.889663,Stigmochelys pardalis,4170,Io
2018,3-Aug,23,0,0.28888,36.889644,Stigmochelys pardalis,4170,Io
2018,4-Aug,0,0,0.288878,36.889682,Stigmochelys pardalis,4170,Io
2018,4-Aug,4,0,0.288853,36.889625,Stigmochelys pardalis,4170,Io
2018,4-Aug,8,0,0.288798,36.889694,Stigmochelys pardalis,4170,Io
2018,4-Aug,12,0,0.288846,36.889759,Stigmochelys pardalis,4170,Io
2018,4-Aug,16,0,0.28884,36.889759,Stigmochelys pardalis,4170,Io
2018,4-Aug,20,0,0.288885,36.889701,Stigmochelys pardalis,4170,Io
2018,4-Aug,23,0,0.288883,36.889797,Stigmochelys pardalis,4170,Io
2018,5-Aug,0,0,0.288865,36.889747,Stigmochelys pardalis,4170,Io
2018,5-Aug,4,0,0.288813,36.889694,Stigmochelys pardalis,4170,Io
2018,5-Aug,8,0,0.288829,36.889766,Stigmochelys pardalis,4170,Io
2018,5-Aug,12,0,0.288858,36.889747,Stigmochelys pardalis,4170,Io
2018,5-Aug,16,0,0.288858,36.889633,Stigmochelys pardalis,4170,Io
2018,5-Aug,20,0,0.28889,36.889598,Stigmochelys pardalis,4170,Io
2018,5-Aug,23,0,0.288873,36.889675,Stigmochelys pardalis,4170,Io
2018,6-Aug,0,0,0.288868,36.889663,Stigmochelys pardalis,4170,Io
2018,6-Aug,4,0,0.288856,36.889633,Stigmochelys pardalis,4170,Io
2018,6-Aug,8,0,0.288858,36.889617,Stigmochelys pardalis,4170,Io
2018,6-Aug,12,0,0.288863,36.889644,Stigmochelys pardalis,4170,Io
2018,6-Aug,16,0,0.28889,36.889633,Stigmochelys pardalis,4170,Io
2018,6-Aug,20,0,0.288878,36.889652,Stigmochelys pardalis,4170,Io
2018,6-Aug,23,0,0.288906,36.889675,Stigmochelys pardalis,4170,Io
2018,7-Aug,0,0,0.288901,36.889633,Stigmochelys pardalis,4170,Io
2018,7-Aug,4,0,0.288885,36.889633,Stigmochelys pardalis,4170,Io
2018,7-Aug,8,0,0.288885,36.889663,Stigmochelys pardalis,4170,Io
2018,7-Aug,12,0,0.288885,36.889785,Stigmochelys pardalis,4170,Io
2018,7-Aug,16,0,0.288046,36.889236,Stigmochelys pardalis,4170,Io
2018,7-Aug,20,0,0.288041,36.889263,Stigmochelys pardalis,4170,Io
2018,7-Aug,23,0,0.288091,36.889274,Stigmochelys pardalis,4170,Io
2018,8-Aug,0,0,0.288088,36.889293,Stigmochelys pardalis,4170,Io
2018,8-Aug,4,0,0.288103,36.889225,Stigmochelys pardalis,4170,Io
2018,8-Aug,8,0,0.28804,36.889274,Stigmochelys pardalis,4170,Io
2018,8-Aug,12,0,0.288084,36.889251,Stigmochelys pardalis,4170,Io
2018,8-Aug,16,0,0.288084,36.889194,Stigmochelys pardalis,4170,Io
2018,8-Aug,20,0,0.28735,36.888004,Stigmochelys pardalis,4170,Io
2018,8-Aug,23,0,0.287386,36.888088,Stigmochelys pardalis,4170,Io
2018,9-Aug,0,0,0.287398,36.888069,Stigmochelys pardalis,4170,Io
2018,9-Aug,4,0,0.287396,36.888061,Stigmochelys pardalis,4170,Io
2018,9-Aug,8,0,0.287356,36.888069,Stigmochelys pardalis,4170,Io
2018,9-Aug,12,0,0.287343,36.888031,Stigmochelys pardalis,4170,Io
2018,9-Aug,16,0,0.287381,36.887996,Stigmochelys pardalis,4170,Io
2018,9-Aug,20,0,0.287316,36.888271,Stigmochelys pardalis,4170,Io
2018,9-Aug,23,0,0.287378,36.888271,Stigmochelys pardalis,4170,Io
2018,10-Aug,0,0,0.287403,36.888271,Stigmochelys pardalis,4170,Io
2018,10-Aug,4,0,0.28739,36.888233,Stigmochelys pardalis,4170,Io
2018,10-Aug,8,0,0.287411,36.888282,Stigmochelys pardalis,4170,Io
2018,10-Aug,12,0,0.287306,36.888282,Stigmochelys pardalis,4170,Io
2018,10-Aug,16,0,0.287338,36.888271,Stigmochelys pardalis,4170,Io
2018,10-Aug,20,0,0.287378,36.888278,Stigmochelys pardalis,4170,Io
2018,10-Aug,23,0,0.287395,36.88832,Stigmochelys pardalis,4170,Io
2018,11-Aug,0,0,0.28736,36.88829,Stigmochelys pardalis,4170,Io
2018,11-Aug,4,0,0.2874,36.888309,Stigmochelys pardalis,4170,Io
2018,11-Aug,8,0,0.287385,36.888328,Stigmochelys pardalis,4170,Io
2018,11-Aug,12,0,0.287314,36.888271,Stigmochelys pardalis,4170,Io
2018,11-Aug,16,0,0.287353,36.88824,Stigmochelys pardalis,4170,Io
2018,11-Aug,20,0,0.287375,36.888263,Stigmochelys pardalis,4170,Io
2018,11-Aug,23,0,0.287406,36.888278,Stigmochelys pardalis,4170,Io
2018,12-Aug,0,0,0.287358,36.888301,Stigmochelys pardalis,4170,Io
2018,12-Aug,4,0,0.287398,36.888221,Stigmochelys pardalis,4170,Io
2018,12-Aug,8,0,0.28737,36.88829,Stigmochelys pardalis,4170,Io
2018,12-Aug,12,0,0.287331,36.888244,Stigmochelys pardalis,4170,Io
2018,12-Aug,16,0,0.287331,36.888263,Stigmochelys pardalis,4170,Io
2018,12-Aug,20,0,0.287383,36.888263,Stigmochelys pardalis,4170,Io
2018,12-Aug,23,0,0.287393,36.888336,Stigmochelys pardalis,4170,Io
2018,13-Aug,0,0,0.28739,36.888282,Stigmochelys pardalis,4170,Io
2018,13-Aug,4,0,0.28738,36.888259,Stigmochelys pardalis,4170,Io
2018,13-Aug,8,0,0.287353,36.88834,Stigmochelys pardalis,4170,Io
2018,13-Aug,12,0,0.287246,36.888225,Stigmochelys pardalis,4170,Io
2018,13-Aug,16,0,0.287128,36.888214,Stigmochelys pardalis,4170,Io
2018,13-Aug,20,0,0.287008,36.888431,Stigmochelys pardalis,4170,Io
2018,13-Aug,23,0,0.287058,36.888443,Stigmochelys pardalis,4170,Io
2018,14-Aug,0,0,0.28703,36.888462,Stigmochelys pardalis,4170,Io
2018,14-Aug,4,0,0.287045,36.888404,Stigmochelys pardalis,4170,Io
2018,14-Aug,8,0,0.287021,36.888481,Stigmochelys pardalis,4170,Io
2018,14-Aug,12,0,0.28704,36.888404,Stigmochelys pardalis,4170,Io
2018,14-Aug,16,0,0.287033,36.888431,Stigmochelys pardalis,4170,Io
2018,14-Aug,20,0,0.287046,36.888397,Stigmochelys pardalis,4170,Io
2018,14-Aug,23,0,0.287066,36.888462,Stigmochelys pardalis,4170,Io
2018,15-Aug,0,0,0.287031,36.888397,Stigmochelys pardalis,4170,Io
2018,15-Aug,4,0,0.287081,36.888397,Stigmochelys pardalis,4170,Io
2018,15-Aug,8,0,0.287046,36.888469,Stigmochelys pardalis,4170,Io
2018,15-Aug,12,0,0.287046,36.888431,Stigmochelys pardalis,4170,Io
2018,15-Aug,16,0,0.287028,36.888473,Stigmochelys pardalis,4170,Io
2018,15-Aug,20,0,0.287125,36.888336,Stigmochelys pardalis,4170,Io
2018,15-Aug,23,0,0.287058,36.888423,Stigmochelys pardalis,4170,Io
2018,16-Aug,0,0,0.287033,36.888397,Stigmochelys pardalis,4170,Io
2018,16-Aug,4,0,0.287063,36.888397,Stigmochelys pardalis,4170,Io
2018,16-Aug,8,0,0.287033,36.888473,Stigmochelys pardalis,4170,Io
2018,16-Aug,12,0,0.287061,36.88845,Stigmochelys pardalis,4170,Io
2018,16-Aug,16,0,0.287038,36.888454,Stigmochelys pardalis,4170,Io
2018,16-Aug,20,0,0.287036,36.888443,Stigmochelys pardalis,4170,Io
2018,16-Aug,23,0,0.287048,36.88845,Stigmochelys pardalis,4170,Io
2018,17-Aug,0,0,0.287028,36.888412,Stigmochelys pardalis,4170,Io
2018,17-Aug,4,0,0.287073,36.888412,Stigmochelys pardalis,4170,Io
2018,17-Aug,8,0,0.287056,36.888469,Stigmochelys pardalis,4170,Io
2018,17-Aug,12,0,0.287063,36.888431,Stigmochelys pardalis,4170,Io
2018,17-Aug,16,0,0.287026,36.888431,Stigmochelys pardalis,4170,Io
2018,17-Aug,20,0,0.287049,36.888469,Stigmochelys pardalis,4170,Io
2018,17-Aug,23,0,0.287016,36.888423,Stigmochelys pardalis,4170,Io
2018,18-Aug,0,0,0.287038,36.888393,Stigmochelys pardalis,4170,Io
2018,18-Aug,4,0,0.287043,36.888397,Stigmochelys pardalis,4170,Io
2018,18-Aug,8,0,0.287011,36.88834,Stigmochelys pardalis,4170,Io
2018,18-Aug,12,0,0.287035,36.888443,Stigmochelys pardalis,4170,Io
2018,18-Aug,16,0,0.287021,36.888397,Stigmochelys pardalis,4170,Io
2018,18-Aug,20,0,0.287048,36.888462,Stigmochelys pardalis,4170,Io
2018,18-Aug,23,0,0.28704,36.888462,Stigmochelys pardalis,4170,Io
2018,19-Aug,0,0,0.287036,36.888397,Stigmochelys pardalis,4170,Io
2018,19-Aug,4,0,0.287051,36.888393,Stigmochelys pardalis,4170,Io
2018,19-Aug,8,0,0.287068,36.888492,Stigmochelys pardalis,4170,Io
2018,19-Aug,12,0,0.28706,36.888443,Stigmochelys pardalis,4170,Io
2018,19-Aug,16,0,0.287026,36.888412,Stigmochelys pardalis,4170,Io
2018,19-Aug,20,0,0.286988,36.888462,Stigmochelys pardalis,4170,Io
2018,19-Aug,23,0,0.287025,36.888431,Stigmochelys pardalis,4170,Io
2018,20-Aug,0,0,0.287033,36.888412,Stigmochelys pardalis,4170,Io
2018,20-Aug,4,0,0.287068,36.888393,Stigmochelys pardalis,4170,Io
2018,20-Aug,8,0,0.287046,36.888492,Stigmochelys pardalis,4170,Io
2018,20-Aug,12,0,0.28703,36.888431,Stigmochelys pardalis,4170,Io
2018,20-Aug,16,0,0.287015,36.888412,Stigmochelys pardalis,4170,Io
2018,20-Aug,20,0,0.287056,36.888462,Stigmochelys pardalis,4170,Io
2018,20-Aug,23,0,0.287035,36.888431,Stigmochelys pardalis,4170,Io
2018,21-Aug,0,0,0.287051,36.888431,Stigmochelys pardalis,4170,Io
2018,21-Aug,4,0,0.287038,36.888374,Stigmochelys pardalis,4170,Io
2018,21-Aug,8,0,0.287053,36.888488,Stigmochelys pardalis,4170,Io
2018,21-Aug,12,0,0.287036,36.888423,Stigmochelys pardalis,4170,Io
2018,21-Aug,16,0,0.287018,36.888431,Stigmochelys pardalis,4170,Io
2018,21-Aug,20,0,0.287043,36.888443,Stigmochelys pardalis,4170,Io
2018,21-Aug,23,0,0.28704,36.888431,Stigmochelys pardalis,4170,Io
2018,22-Aug,0,0,0.287048,36.888412,Stigmochelys pardalis,4170,Io
2018,22-Aug,4,0,0.287083,36.888393,Stigmochelys pardalis,4170,Io
2018,22-Aug,8,0,0.287015,36.888469,Stigmochelys pardalis,4170,Io
2018,22-Aug,12,0,0.287093,36.888385,Stigmochelys pardalis,4170,Io
2018,22-Aug,16,0,0.287013,36.888462,Stigmochelys pardalis,4170,Io
2018,22-Aug,20,0,0.287045,36.888404,Stigmochelys pardalis,4170,Io
2018,22-Aug,23,0,0.287048,36.888423,Stigmochelys pardalis,4170,Io
2018,23-Aug,0,0,0.287053,36.888431,Stigmochelys pardalis,4170,Io
2018,23-Aug,4,0,0.287065,36.888404,Stigmochelys pardalis,4170,Io
2018,23-Aug,8,0,0.28703,36.888443,Stigmochelys pardalis,4170,Io
2018,23-Aug,12,0,0.287055,36.888416,Stigmochelys pardalis,4170,Io
2018,23-Aug,16,0,0.287,36.888404,Stigmochelys pardalis,4170,Io
2018,23-Aug,20,0,0.287011,36.888431,Stigmochelys pardalis,4170,Io
2018,23-Aug,23,0,0.287005,36.888443,Stigmochelys pardalis,4170,Io
2018,24-Aug,0,0,0.287016,36.888443,Stigmochelys pardalis,4170,Io
2018,24-Aug,4,0,0.286983,36.8885,Stigmochelys pardalis,4170,Io
2018,24-Aug,8,0,0.287018,36.888469,Stigmochelys pardalis,4170,Io
2018,24-Aug,12,0,0.28702,36.888336,Stigmochelys pardalis,4170,Io
2018,24-Aug,16,0,0.287006,36.888423,Stigmochelys pardalis,4170,Io
2018,24-Aug,20,0,0.287041,36.888443,Stigmochelys pardalis,4170,Io
2018,24-Aug,23,0,0.287005,36.88845,Stigmochelys pardalis,4170,Io
2018,25-Aug,0,0,0.287023,36.888462,Stigmochelys pardalis,4170,Io
2018,25-Aug,4,0,0.28704,36.888378,Stigmochelys pardalis,4170,Io
2018,25-Aug,8,0,0.28698,36.888481,Stigmochelys pardalis,4170,Io
2018,25-Aug,12,0,0.287045,36.888393,Stigmochelys pardalis,4170,Io
2018,25-Aug,16,0,0.286998,36.888412,Stigmochelys pardalis,4170,Io
2018,25-Aug,20,0,0.287055,36.888481,Stigmochelys pardalis,4170,Io
2018,25-Aug,23,0,0.287036,36.888443,Stigmochelys pardalis,4170,Io
2018,26-Aug,0,0,0.287023,36.888416,Stigmochelys pardalis,4170,Io
2018,26-Aug,4,0,0.287006,36.888393,Stigmochelys pardalis,4170,Io
2018,26-Aug,8,0,0.287021,36.888412,Stigmochelys pardalis,4170,Io
2018,26-Aug,12,0,0.28704,36.888404,Stigmochelys pardalis,4170,Io
2018,26-Aug,16,0,0.286991,36.888462,Stigmochelys pardalis,4170,Io
2018,26-Aug,20,0,0.287028,36.888469,Stigmochelys pardalis,4170,Io
2018,26-Aug,23,0,0.287035,36.888443,Stigmochelys pardalis,4170,Io
2018,27-Aug,0,0,0.287018,36.888431,Stigmochelys pardalis,4170,Io
2018,27-Aug,4,0,0.28703,36.888404,Stigmochelys pardalis,4170,Io
2018,27-Aug,8,0,0.287015,36.888462,Stigmochelys pardalis,4170,Io
2018,27-Aug,12,0,0.286984,36.888374,Stigmochelys pardalis,4170,Io
2018,27-Aug,16,0,0.287026,36.888462,Stigmochelys pardalis,4170,Io
2018,27-Aug,20,0,0.287001,36.888416,Stigmochelys pardalis,4170,Io
2018,27-Aug,23,0,0.287005,36.888469,Stigmochelys pardalis,4170,Io
2018,28-Aug,0,0,0.287006,36.888443,Stigmochelys pardalis,4170,Io
2018,28-Aug,4,0,0.287043,36.88845,Stigmochelys pardalis,4170,Io
2018,28-Aug,8,0,0.287,36.888404,Stigmochelys pardalis,4170,Io
2018,28-Aug,12,0,0.287016,36.888385,Stigmochelys pardalis,4170,Io
2018,28-Aug,16,0,0.287036,36.888443,Stigmochelys pardalis,4170,Io
2018,28-Aug,20,0,0.287056,36.888397,Stigmochelys pardalis,4170,Io
2018,28-Aug,23,0,0.28702,36.888443,Stigmochelys pardalis,4170,Io
2018,29-Aug,0,0,0.286978,36.888397,Stigmochelys pardalis,4170,Io
2018,29-Aug,4,0,0.287073,36.888378,Stigmochelys pardalis,4170,Io
2018,29-Aug,8,0,0.287023,36.88845,Stigmochelys pardalis,4170,Io
2018,29-Aug,12,0,0.286996,36.888462,Stigmochelys pardalis,4170,Io
2018,29-Aug,16,0,0.287011,36.888473,Stigmochelys pardalis,4170,Io
2018,29-Aug,20,0,0.287041,36.888443,Stigmochelys pardalis,4170,Io
2018,29-Aug,23,0,0.287048,36.888423,Stigmochelys pardalis,4170,Io
2018,30-Aug,0,0,0.287046,36.888462,Stigmochelys pardalis,4170,Io
2018,30-Aug,4,0,0.287078,36.888412,Stigmochelys pardalis,4170,Io
2018,30-Aug,8,0,0.28703,36.888481,Stigmochelys pardalis,4170,Io
2018,30-Aug,12,0,0.286871,36.887947,Stigmochelys pardalis,4170,Io
2018,30-Aug,16,0,0.28581,36.887973,Stigmochelys pardalis,4170,Io
2018,30-Aug,20,0,0.28584,36.887958,Stigmochelys pardalis,4170,Io
2018,30-Aug,23,0,0.285823,36.887928,Stigmochelys pardalis,4170,Io
2018,31-Aug,0,0,0.285821,36.887973,Stigmochelys pardalis,4170,Io
2018,31-Aug,4,0,0.28585,36.887935,Stigmochelys pardalis,4170,Io
2018,31-Aug,8,0,0.285848,36.887985,Stigmochelys pardalis,4170,Io
2018,31-Aug,12,0,0.285855,36.887996,Stigmochelys pardalis,4170,Io
2018,31-Aug,16,0,0.285801,36.887958,Stigmochelys pardalis,4170,Io
2018,31-Aug,20,0,0.285828,36.887939,Stigmochelys pardalis,4170,Io
2018,31-Aug,23,0,0.28581,36.887928,Stigmochelys pardalis,4170,Io
2018,1-Sep,0,0,0.285818,36.887973,Stigmochelys pardalis,4170,Io
2018,1-Sep,4,0,0.285841,36.887935,Stigmochelys pardalis,4170,Io
2018,1-Sep,8,0,0.285836,36.887985,Stigmochelys pardalis,4170,Io
2018,1-Sep,12,0,0.28583,36.887973,Stigmochelys pardalis,4170,Io
2018,1-Sep,16,0,0.285798,36.887977,Stigmochelys pardalis,4170,Io
2018,1-Sep,20,0,0.285796,36.887973,Stigmochelys pardalis,4170,Io
2018,1-Sep,23,0,0.28583,36.887958,Stigmochelys pardalis,4170,Io
2018,2-Sep,0,0,0.285834,36.888004,Stigmochelys pardalis,4170,Io
2018,2-Sep,4,0,0.285808,36.887928,Stigmochelys pardalis,4170,Io
2018,2-Sep,8,0,0.28582,36.887992,Stigmochelys pardalis,4170,Io
2018,2-Sep,12,0,0.285831,36.887954,Stigmochelys pardalis,4170,Io
2018,2-Sep,16,0,0.285796,36.887996,Stigmochelys pardalis,4170,Io
2018,2-Sep,20,0,0.285806,36.887954,Stigmochelys pardalis,4170,Io
2018,2-Sep,23,0,0.285838,36.887958,Stigmochelys pardalis,4170,Io
2018,3-Sep,4,0,0.28579,36.887973,Stigmochelys pardalis,4170,Io
2018,3-Sep,8,0,0.285811,36.887996,Stigmochelys pardalis,4170,Io
2018,3-Sep,12,0,0.285898,36.887928,Stigmochelys pardalis,4170,Io
2018,3-Sep,16,0,0.286041,36.888042,Stigmochelys pardalis,4170,Io
2018,3-Sep,20,0,0.286078,36.887996,Stigmochelys pardalis,4170,Io
2018,3-Sep,23,0,0.286063,36.888111,Stigmochelys pardalis,4170,Io
2018,4-Sep,0,0,0.286055,36.888111,Stigmochelys pardalis,4170,Io
2018,4-Sep,4,0,0.286015,36.887908,Stigmochelys pardalis,4170,Io
2018,4-Sep,8,0,0.286053,36.888042,Stigmochelys pardalis,4170,Io
2018,4-Sep,12,0,0.286068,36.888042,Stigmochelys pardalis,4170,Io
2018,4-Sep,16,0,0.285911,36.888156,Stigmochelys pardalis,4170,Io
2018,4-Sep,20,0,0.285978,36.888042,Stigmochelys pardalis,4170,Io
2018,4-Sep,23,0,0.286005,36.888042,Stigmochelys pardalis,4170,Io
2018,5-Sep,0,0,0.285973,36.888034,Stigmochelys pardalis,4170,Io
2018,5-Sep,4,0,0.28597,36.887996,Stigmochelys pardalis,4170,Io
2018,5-Sep,8,0,0.285948,36.887966,Stigmochelys pardalis,4170,Io
2018,5-Sep,12,0,0.286146,36.888053,Stigmochelys pardalis,4170,Io
2018,5-Sep,16,0,0.286148,36.888069,Stigmochelys pardalis,4170,Io
2018,5-Sep,20,0,0.286143,36.888061,Stigmochelys pardalis,4170,Io
2018,5-Sep,23,0,0.286145,36.88808,Stigmochelys pardalis,4170,Io
2018,6-Sep,0,0,0.286141,36.88808,Stigmochelys pardalis,4170,Io
2018,6-Sep,4,0,0.286173,36.888069,Stigmochelys pardalis,4170,Io
2018,6-Sep,8,0,0.28613,36.888004,Stigmochelys pardalis,4170,Io
2018,6-Sep,12,0,0.28614,36.888072,Stigmochelys pardalis,4170,Io
2018,6-Sep,16,0,0.286156,36.888069,Stigmochelys pardalis,4170,Io
2018,6-Sep,20,0,0.286155,36.888031,Stigmochelys pardalis,4170,Io
2018,6-Sep,23,0,0.286148,36.88808,Stigmochelys pardalis,4170,Io
2018,7-Sep,0,0,0.28613,36.888118,Stigmochelys pardalis,4170,Io
2018,7-Sep,4,0,0.286174,36.888092,Stigmochelys pardalis,4170,Io
2018,7-Sep,8,0,0.286128,36.888031,Stigmochelys pardalis,4170,Io
2018,7-Sep,12,0,0.286148,36.888072,Stigmochelys pardalis,4170,Io
2018,7-Sep,16,0,0.286375,36.888378,Stigmochelys pardalis,4170,Io
2018,7-Sep,20,0,0.286393,36.888404,Stigmochelys pardalis,4170,Io
2018,7-Sep,23,0,0.286441,36.888423,Stigmochelys pardalis,4170,Io
2018,8-Sep,0,0,0.286361,36.888404,Stigmochelys pardalis,4170,Io
2018,8-Sep,4,0,0.286426,36.888404,Stigmochelys pardalis,4170,Io
2018,8-Sep,8,0,0.286341,36.88834,Stigmochelys pardalis,4170,Io
2018,8-Sep,12,0,0.286343,36.888374,Stigmochelys pardalis,4170,Io
2018,8-Sep,16,0,0.286388,36.888397,Stigmochelys pardalis,4170,Io
2018,8-Sep,20,0,0.286375,36.888385,Stigmochelys pardalis,4170,Io
2018,8-Sep,23,0,0.286351,36.888355,Stigmochelys pardalis,4170,Io
2018,9-Sep,0,0,0.286378,36.888404,Stigmochelys pardalis,4170,Io
2018,9-Sep,4,0,0.286428,36.888397,Stigmochelys pardalis,4170,Io
2018,9-Sep,8,0,0.286356,36.888393,Stigmochelys pardalis,4170,Io
2018,9-Sep,12,0,0.286345,36.888393,Stigmochelys pardalis,4170,Io
2018,9-Sep,16,0,0.286383,36.888366,Stigmochelys pardalis,4170,Io
2018,9-Sep,20,0,0.286408,36.888366,Stigmochelys pardalis,4170,Io
2018,9-Sep,23,0,0.286405,36.888423,Stigmochelys pardalis,4170,Io
2018,10-Sep,0,0,0.286373,36.888397,Stigmochelys pardalis,4170,Io
2018,10-Sep,4,0,0.286408,36.888374,Stigmochelys pardalis,4170,Io
2018,10-Sep,8,0,0.28632,36.888431,Stigmochelys pardalis,4170,Io
2018,10-Sep,12,0,0.286385,36.888374,Stigmochelys pardalis,4170,Io
2018,10-Sep,16,0,0.286373,36.888374,Stigmochelys pardalis,4170,Io
2018,10-Sep,20,0,0.2864,36.888347,Stigmochelys pardalis,4170,Io
2018,10-Sep,23,0,0.286398,36.888412,Stigmochelys pardalis,4170,Io
2018,11-Sep,0,0,0.286349,36.888431,Stigmochelys pardalis,4170,Io
2018,11-Sep,4,0,0.286386,36.888355,Stigmochelys pardalis,4170,Io
2018,11-Sep,8,0,0.286345,36.888431,Stigmochelys pardalis,4170,Io
2018,11-Sep,12,0,0.286373,36.888359,Stigmochelys pardalis,4170,Io
2018,11-Sep,16,0,0.286369,36.888393,Stigmochelys pardalis,4170,Io
2018,11-Sep,20,0,0.286403,36.888366,Stigmochelys pardalis,4170,Io
2018,11-Sep,23,0,0.286373,36.888378,Stigmochelys pardalis,4170,Io
2018,12-Sep,0,0,0.286358,36.888412,Stigmochelys pardalis,4170,Io
2018,12-Sep,4,0,0.286388,36.88832,Stigmochelys pardalis,4170,Io
2018,12-Sep,8,0,0.286361,36.888412,Stigmochelys pardalis,4170,Io
2018,12-Sep,12,0,0.286388,36.888347,Stigmochelys pardalis,4170,Io
2018,12-Sep,16,0,0.286383,36.888397,Stigmochelys pardalis,4170,Io
2018,12-Sep,20,0,0.2864,36.888397,Stigmochelys pardalis,4170,Io
2018,12-Sep,23,0,0.286376,36.888393,Stigmochelys pardalis,4170,Io
2018,13-Sep,0,0,0.286375,36.888397,Stigmochelys pardalis,4170,Io
2018,13-Sep,4,0,0.286368,36.88834,Stigmochelys pardalis,4170,Io
2018,13-Sep,8,0,0.286311,36.888431,Stigmochelys pardalis,4170,Io
2018,13-Sep,12,0,0.28639,36.88834,Stigmochelys pardalis,4170,Io
2018,13-Sep,16,0,0.286388,36.888397,Stigmochelys pardalis,4170,Io
2018,13-Sep,20,0,0.286401,36.888378,Stigmochelys pardalis,4170,Io
2018,13-Sep,23,0,0.286375,36.888393,Stigmochelys pardalis,4170,Io
2018,14-Sep,0,0,0.286365,36.888412,Stigmochelys pardalis,4170,Io
2018,14-Sep,4,0,0.286391,36.888347,Stigmochelys pardalis,4170,Io
2018,14-Sep,8,0,0.286356,36.888378,Stigmochelys pardalis,4170,Io
2018,14-Sep,12,0,0.286383,36.888374,Stigmochelys pardalis,4170,Io
2018,14-Sep,16,0,0.286366,36.888359,Stigmochelys pardalis,4170,Io
2018,14-Sep,20,0,0.286375,36.888404,Stigmochelys pardalis,4170,Io
2018,14-Sep,23,0,0.286361,36.888431,Stigmochelys pardalis,4170,Io
2018,15-Sep,0,0,0.286355,36.888431,Stigmochelys pardalis,4170,Io
2018,15-Sep,4,0,0.286375,36.888359,Stigmochelys pardalis,4170,Io
2018,15-Sep,8,0,0.286349,36.888378,Stigmochelys pardalis,4170,Io
2018,15-Sep,12,0,0.28639,36.888366,Stigmochelys pardalis,4170,Io
2018,15-Sep,16,0,0.286378,36.888404,Stigmochelys pardalis,4170,Io
2018,15-Sep,20,0,0.286398,36.888412,Stigmochelys pardalis,4170,Io
2018,15-Sep,23,0,0.28638,36.888431,Stigmochelys pardalis,4170,Io
2018,16-Sep,0,0,0.286375,36.888393,Stigmochelys pardalis,4170,Io
2018,16-Sep,4,0,0.286403,36.888366,Stigmochelys pardalis,4170,Io
2018,16-Sep,8,0,0.286365,36.888374,Stigmochelys pardalis,4170,Io
2018,16-Sep,12,0,0.286395,36.888378,Stigmochelys pardalis,4170,Io
2018,16-Sep,16,0,0.286363,36.888393,Stigmochelys pardalis,4170,Io
2018,16-Sep,20,0,0.286395,36.888404,Stigmochelys pardalis,4170,Io
2018,16-Sep,23,0,0.286366,36.888454,Stigmochelys pardalis,4170,Io
2018,17-Sep,0,0,0.286373,36.888412,Stigmochelys pardalis,4170,Io
2018,17-Sep,4,0,0.286386,36.888397,Stigmochelys pardalis,4170,Io
2018,17-Sep,8,0,0.286366,36.888374,Stigmochelys pardalis,4170,Io
2018,17-Sep,12,0,0.286388,36.888393,Stigmochelys pardalis,4170,Io
2018,17-Sep,16,0,0.286318,36.888404,Stigmochelys pardalis,4170,Io
2018,17-Sep,20,0,0.286425,36.888423,Stigmochelys pardalis,4170,Io
2018,17-Sep,23,0,0.286366,36.888416,Stigmochelys pardalis,4170,Io
2018,18-Sep,0,0,0.286375,36.888393,Stigmochelys pardalis,4170,Io
2018,18-Sep,4,0,0.286371,36.888378,Stigmochelys pardalis,4170,Io
2018,18-Sep,8,0,0.28639,36.888374,Stigmochelys pardalis,4170,Io
2018,18-Sep,12,0,0.286373,36.888393,Stigmochelys pardalis,4170,Io
2018,18-Sep,16,0,0.286353,36.888397,Stigmochelys pardalis,4170,Io
2018,18-Sep,20,0,0.286425,36.888397,Stigmochelys pardalis,4170,Io
2018,18-Sep,23,0,0.286371,36.888416,Stigmochelys pardalis,4170,Io
2018,19-Sep,0,0,0.286375,36.888393,Stigmochelys pardalis,4170,Io
2018,19-Sep,4,0,0.286378,36.888393,Stigmochelys pardalis,4170,Io
2018,19-Sep,8,0,0.286373,36.888397,Stigmochelys pardalis,4170,Io
2018,19-Sep,12,0,0.286376,36.888393,Stigmochelys pardalis,4170,Io
2018,19-Sep,16,0,0.286338,36.888393,Stigmochelys pardalis,4170,Io
2018,19-Sep,20,0,0.286423,36.888374,Stigmochelys pardalis,4170,Io
2018,19-Sep,23,0,0.286373,36.888412,Stigmochelys pardalis,4170,Io
2018,20-Sep,0,0,0.286376,36.888347,Stigmochelys pardalis,4170,Io
2018,20-Sep,4,0,0.2864,36.888393,Stigmochelys pardalis,4170,Io
2018,20-Sep,8,0,0.286386,36.888374,Stigmochelys pardalis,4170,Io
2018,20-Sep,12,0,0.286356,36.888393,Stigmochelys pardalis,4170,Io
2018,20-Sep,16,0,0.286356,36.888404,Stigmochelys pardalis,4170,Io
2018,20-Sep,20,0,0.286423,36.888378,Stigmochelys pardalis,4170,Io
2018,20-Sep,23,0,0.286366,36.888412,Stigmochelys pardalis,4170,Io
2018,21-Sep,0,0,0.286376,36.888359,Stigmochelys pardalis,4170,Io
2018,21-Sep,4,0,0.286398,36.888378,Stigmochelys pardalis,4170,Io
2018,21-Sep,8,0,0.28641,36.888397,Stigmochelys pardalis,4170,Io
2018,21-Sep,12,0,0.286355,36.888374,Stigmochelys pardalis,4170,Io
2018,21-Sep,16,0,0.286365,36.888366,Stigmochelys pardalis,4170,Io
2018,21-Sep,20,0,0.286396,36.888374,Stigmochelys pardalis,4170,Io
2018,21-Sep,23,0,0.286371,36.888397,Stigmochelys pardalis,4170,Io
2018,22-Sep,0,0,0.286381,36.888355,Stigmochelys pardalis,4170,Io
2018,22-Sep,4,0,0.286385,36.888397,Stigmochelys pardalis,4170,Io
2018,22-Sep,8,0,0.28638,36.888393,Stigmochelys pardalis,4170,Io
2018,22-Sep,12,0,0.286383,36.888347,Stigmochelys pardalis,4170,Io
2018,22-Sep,16,0,0.286363,36.888393,Stigmochelys pardalis,4170,Io
2018,22-Sep,20,0,0.286408,36.888385,Stigmochelys pardalis,4170,Io
2018,22-Sep,23,0,0.286363,36.888412,Stigmochelys pardalis,4170,Io
2018,23-Sep,0,0,0.286365,36.888355,Stigmochelys pardalis,4170,Io
2018,23-Sep,4,0,0.28636,36.888378,Stigmochelys pardalis,4170,Io
2018,23-Sep,8,0,0.286378,36.888404,Stigmochelys pardalis,4170,Io
2018,23-Sep,12,0,0.286365,36.888393,Stigmochelys pardalis,4170,Io
2018,23-Sep,16,0,0.28639,36.888366,Stigmochelys pardalis,4170,Io
2018,23-Sep,20,0,0.286396,36.888378,Stigmochelys pardalis,4170,Io
2018,23-Sep,23,0,0.286375,36.888404,Stigmochelys pardalis,4170,Io
2018,24-Sep,0,0,0.286378,36.888366,Stigmochelys pardalis,4170,Io
2018,24-Sep,4,0,0.286368,36.888385,Stigmochelys pardalis,4170,Io
2018,24-Sep,8,0,0.286386,36.888393,Stigmochelys pardalis,4170,Io
2018,24-Sep,12,0,0.286369,36.888397,Stigmochelys pardalis,4170,Io
2018,24-Sep,16,0,0.286365,36.888336,Stigmochelys pardalis,4170,Io
2018,24-Sep,20,0,0.286395,36.888431,Stigmochelys pardalis,4170,Io
2018,24-Sep,23,0,0.286316,36.888378,Stigmochelys pardalis,4170,Io
2018,25-Sep,0,0,0.286381,36.888366,Stigmochelys pardalis,4170,Io
2018,25-Sep,4,0,0.286355,36.888278,Stigmochelys pardalis,4170,Io
2018,25-Sep,8,0,0.286371,36.888397,Stigmochelys pardalis,4170,Io
2018,25-Sep,12,0,0.28636,36.888385,Stigmochelys pardalis,4170,Io
2018,25-Sep,16,0,0.286358,36.888301,Stigmochelys pardalis,4170,Io
2018,25-Sep,20,0,0.286396,36.888404,Stigmochelys pardalis,4170,Io
2018,25-Sep,23,0,0.28636,36.888385,Stigmochelys pardalis,4170,Io
2018,26-Sep,0,0,0.28638,36.888393,Stigmochelys pardalis,4170,Io
2018,26-Sep,4,0,0.28639,36.888366,Stigmochelys pardalis,4170,Io
2018,26-Sep,8,0,0.286375,36.888404,Stigmochelys pardalis,4170,Io
2018,26-Sep,12,0,0.286368,36.888366,Stigmochelys pardalis,4170,Io
2018,26-Sep,16,0,0.286375,36.888393,Stigmochelys pardalis,4170,Io
2018,26-Sep,20,0,0.286368,36.888423,Stigmochelys pardalis,4170,Io
2018,26-Sep,23,0,0.286349,36.888355,Stigmochelys pardalis,4170,Io
2018,27-Sep,0,0,0.286371,36.888404,Stigmochelys pardalis,4170,Io
2018,27-Sep,4,0,0.286333,36.888404,Stigmochelys pardalis,4170,Io
2018,27-Sep,8,0,0.286351,36.888404,Stigmochelys pardalis,4170,Io
2018,27-Sep,12,0,0.286378,36.888385,Stigmochelys pardalis,4170,Io
2018,27-Sep,16,0,0.2864,36.888347,Stigmochelys pardalis,4170,Io
2018,27-Sep,20,0,0.286391,36.888443,Stigmochelys pardalis,4170,Io
2018,27-Sep,23,0,0.286385,36.888397,Stigmochelys pardalis,4170,Io
2018,28-Sep,0,0,0.286396,36.888366,Stigmochelys pardalis,4170,Io
2018,28-Sep,4,0,0.28631,36.888469,Stigmochelys pardalis,4170,Io
2018,28-Sep,8,0,0.286388,36.888397,Stigmochelys pardalis,4170,Io
2018,28-Sep,12,0,0.286368,36.888397,Stigmochelys pardalis,4170,Io
2018,28-Sep,16,0,0.28639,36.888359,Stigmochelys pardalis,4170,Io
2018,28-Sep,20,0,0.286406,36.888431,Stigmochelys pardalis,4170,Io
2018,28-Sep,23,0,0.286355,36.888416,Stigmochelys pardalis,4170,Io
2018,29-Sep,4,0,0.286348,36.888443,Stigmochelys pardalis,4170,Io
2018,29-Sep,8,0,0.286391,36.888404,Stigmochelys pardalis,4170,Io
2018,29-Sep,12,0,0.286363,36.888393,Stigmochelys pardalis,4170,Io
2018,29-Sep,16,0,0.286383,36.888378,Stigmochelys pardalis,4170,Io
2018,29-Sep,20,0,0.286436,36.888603,Stigmochelys pardalis,4170,Io
2018,29-Sep,23,0,0.286371,36.888431,Stigmochelys pardalis,4170,Io
2018,30-Sep,0,0,0.28641,36.888366,Stigmochelys pardalis,4170,Io
2018,30-Sep,4,0,0.286371,36.888423,Stigmochelys pardalis,4170,Io
2018,30-Sep,8,0,0.286395,36.888488,Stigmochelys pardalis,4170,Io
2018,30-Sep,12,0,0.286381,36.888378,Stigmochelys pardalis,4170,Io
2018,30-Sep,16,0,0.286371,36.888301,Stigmochelys pardalis,4170,Io
2018,30-Sep,20,0,0.286431,36.88845,Stigmochelys pardalis,4170,Io
2018,30-Sep,23,0,0.286373,36.888404,Stigmochelys pardalis,4170,Io
2018,1-Oct,0,0,0.286391,36.888359,Stigmochelys pardalis,4170,Io
2018,1-Oct,4,0,0.286373,36.888397,Stigmochelys pardalis,4170,Io
2018,1-Oct,8,0,0.286388,36.888397,Stigmochelys pardalis,4170,Io
2018,1-Oct,12,0,0.286378,36.888404,Stigmochelys pardalis,4170,Io
2018,1-Oct,16,0,0.286346,36.888366,Stigmochelys pardalis,4170,Io
2018,1-Oct,20,0,0.286418,36.888454,Stigmochelys pardalis,4170,Io
2018,1-Oct,23,0,0.286385,36.888397,Stigmochelys pardalis,4170,Io
2018,2-Oct,0,0,0.286395,36.888366,Stigmochelys pardalis,4170,Io
2018,2-Oct,4,0,0.286343,36.888397,Stigmochelys pardalis,4170,Io
2018,2-Oct,8,0,0.286393,36.888443,Stigmochelys pardalis,4170,Io
2018,2-Oct,12,0,0.286368,36.888423,Stigmochelys pardalis,4170,Io
2018,2-Oct,16,0,0.286311,36.888366,Stigmochelys pardalis,4170,Io
2018,2-Oct,20,0,0.286396,36.888385,Stigmochelys pardalis,4170,Io
2018,2-Oct,23,0,0.286371,36.888397,Stigmochelys pardalis,4170,Io
2018,3-Oct,0,0,0.286376,36.888366,Stigmochelys pardalis,4170,Io
2018,3-Oct,4,0,0.286378,36.888416,Stigmochelys pardalis,4170,Io
2018,3-Oct,8,0,0.286376,36.888431,Stigmochelys pardalis,4170,Io
2018,3-Oct,12,0,0.286376,36.888404,Stigmochelys pardalis,4170,Io
2018,3-Oct,16,0,0.286371,36.888404,Stigmochelys pardalis,4170,Io
2018,3-Oct,20,0,0.286375,36.888412,Stigmochelys pardalis,4170,Io
2018,3-Oct,23,0,0.286373,36.888397,Stigmochelys pardalis,4170,Io
2018,4-Oct,0,0,0.286371,36.888374,Stigmochelys pardalis,4170,Io
2018,4-Oct,4,0,0.286373,36.888412,Stigmochelys pardalis,4170,Io
2018,4-Oct,8,0,0.286376,36.88845,Stigmochelys pardalis,4170,Io
2018,4-Oct,12,0,0.286369,36.888404,Stigmochelys pardalis,4170,Io
2018,4-Oct,16,0,0.286406,36.888359,Stigmochelys pardalis,4170,Io
2018,4-Oct,20,0,0.286361,36.888454,Stigmochelys pardalis,4170,Io
2018,4-Oct,23,0,0.286366,36.888378,Stigmochelys pardalis,4170,Io
2018,5-Oct,0,0,0.286376,36.888366,Stigmochelys pardalis,4170,Io
2018,5-Oct,4,0,0.286361,36.888366,Stigmochelys pardalis,4170,Io
2018,5-Oct,8,0,0.286391,36.88834,Stigmochelys pardalis,4170,Io
2018,5-Oct,12,0,0.286385,36.888359,Stigmochelys pardalis,4170,Io
2018,5-Oct,16,0,0.28638,36.888397,Stigmochelys pardalis,4170,Io
2018,5-Oct,20,0,0.286328,36.888462,Stigmochelys pardalis,4170,Io
2018,5-Oct,23,0,0.286381,36.888355,Stigmochelys pardalis,4170,Io
2018,6-Oct,0,0,0.286375,36.888374,Stigmochelys pardalis,4170,Io
2018,6-Oct,4,0,0.286368,36.888431,Stigmochelys pardalis,4170,Io
2018,6-Oct,8,0,0.286378,36.888393,Stigmochelys pardalis,4170,Io
2018,6-Oct,12,0,0.286385,36.888393,Stigmochelys pardalis,4170,Io
2018,6-Oct,16,0,0.286375,36.888385,Stigmochelys pardalis,4170,Io
2018,6-Oct,20,0,0.286333,36.888416,Stigmochelys pardalis,4170,Io
2018,6-Oct,23,0,0.286366,36.888347,Stigmochelys pardalis,4170,Io
2018,7-Oct,0,0,0.286386,36.888359,Stigmochelys pardalis,4170,Io
2018,7-Oct,4,0,0.286348,36.888423,Stigmochelys pardalis,4170,Io
2018,7-Oct,8,0,0.286385,36.888374,Stigmochelys pardalis,4170,Io
2018,7-Oct,12,0,0.286193,36.888412,Stigmochelys pardalis,4170,Io
2018,7-Oct,16,0,0.286028,36.888397,Stigmochelys pardalis,4170,Io
2018,7-Oct,20,0,0.286008,36.8885,Stigmochelys pardalis,4170,Io
2018,7-Oct,23,0,0.286025,36.888431,Stigmochelys pardalis,4170,Io
2018,8-Oct,0,0,0.286016,36.888454,Stigmochelys pardalis,4170,Io
2018,8-Oct,4,0,0.286026,36.888462,Stigmochelys pardalis,4170,Io
2018,8-Oct,8,0,0.286051,36.888404,Stigmochelys pardalis,4170,Io
2018,8-Oct,12,0,0.285993,36.888431,Stigmochelys pardalis,4170,Io
2018,8-Oct,16,0,0.286043,36.888404,Stigmochelys pardalis,4170,Io
2018,8-Oct,20,0,0.286028,36.888481,Stigmochelys pardalis,4170,Io
2018,8-Oct,23,0,0.286011,36.888469,Stigmochelys pardalis,4170,Io
2018,9-Oct,0,0,0.286033,36.888431,Stigmochelys pardalis,4170,Io
2018,9-Oct,4,0,0.286023,36.888423,Stigmochelys pardalis,4170,Io
2018,9-Oct,8,0,0.286026,36.888423,Stigmochelys pardalis,4170,Io
2018,9-Oct,12,0,0.286005,36.888431,Stigmochelys pardalis,4170,Io
2018,9-Oct,16,0,0.286021,36.888462,Stigmochelys pardalis,4170,Io
2018,9-Oct,20,0,0.286011,36.8885,Stigmochelys pardalis,4170,Io
2018,9-Oct,23,0,0.286025,36.88845,Stigmochelys pardalis,4170,Io
2018,10-Oct,0,0,0.286045,36.888416,Stigmochelys pardalis,4170,Io
2018,10-Oct,4,0,0.286011,36.888423,Stigmochelys pardalis,4170,Io
2018,10-Oct,8,0,0.286031,36.888431,Stigmochelys pardalis,4170,Io
2018,10-Oct,12,0,0.285996,36.888431,Stigmochelys pardalis,4170,Io
2018,10-Oct,16,0,0.286015,36.888416,Stigmochelys pardalis,4170,Io
2018,10-Oct,20,0,0.286118,36.888374,Stigmochelys pardalis,4170,Io
2018,10-Oct,23,0,0.286005,36.888488,Stigmochelys pardalis,4170,Io
2018,11-Oct,0,0,0.286025,36.888423,Stigmochelys pardalis,4170,Io
2018,11-Oct,4,0,0.286019,36.888404,Stigmochelys pardalis,4170,Io
2018,11-Oct,8,0,0.286018,36.888431,Stigmochelys pardalis,4170,Io
2018,11-Oct,12,0,0.285995,36.888412,Stigmochelys pardalis,4170,Io
2018,11-Oct,16,0,0.285986,36.888443,Stigmochelys pardalis,4170,Io
2018,11-Oct,20,0,0.286045,36.888462,Stigmochelys pardalis,4170,Io
2018,11-Oct,23,0,0.286015,36.888462,Stigmochelys pardalis,4170,Io
2018,12-Oct,0,0,0.286048,36.888423,Stigmochelys pardalis,4170,Io
2018,12-Oct,4,0,0.286001,36.888397,Stigmochelys pardalis,4170,Io
2018,12-Oct,8,0,0.286026,36.888443,Stigmochelys pardalis,4170,Io
2018,12-Oct,12,0,0.285991,36.888378,Stigmochelys pardalis,4170,Io
2018,12-Oct,16,0,0.286025,36.888443,Stigmochelys pardalis,4170,Io
2018,12-Oct,20,0,0.286021,36.88845,Stigmochelys pardalis,4170,Io
2018,12-Oct,23,0,0.286021,36.888412,Stigmochelys pardalis,4170,Io
2018,13-Oct,0,0,0.28603,36.888423,Stigmochelys pardalis,4170,Io
2018,13-Oct,4,0,0.285986,36.888431,Stigmochelys pardalis,4170,Io
2018,13-Oct,8,0,0.286025,36.88845,Stigmochelys pardalis,4170,Io
2018,13-Oct,12,0,0.286021,36.888412,Stigmochelys pardalis,4170,Io
2018,13-Oct,16,0,0.286068,36.888412,Stigmochelys pardalis,4170,Io
2018,13-Oct,20,0,0.286041,36.88845,Stigmochelys pardalis,4170,Io
2018,13-Oct,23,0,0.286036,36.888454,Stigmochelys pardalis,4170,Io
2018,14-Oct,0,0,0.286025,36.888443,Stigmochelys pardalis,4170,Io
2018,14-Oct,4,0,0.286015,36.88845,Stigmochelys pardalis,4170,Io
2018,14-Oct,8,0,0.285981,36.888481,Stigmochelys pardalis,4170,Io
2018,14-Oct,12,0,0.286021,36.888378,Stigmochelys pardalis,4170,Io
2018,14-Oct,16,0,0.28603,36.888404,Stigmochelys pardalis,4170,Io
2018,14-Oct,20,0,0.286006,36.888431,Stigmochelys pardalis,4170,Io
2018,14-Oct,23,0,0.285999,36.888488,Stigmochelys pardalis,4170,Io
2018,15-Oct,0,0,0.286036,36.888423,Stigmochelys pardalis,4170,Io
2018,15-Oct,4,0,0.28601,36.88845,Stigmochelys pardalis,4170,Io
2018,15-Oct,8,0,0.286005,36.888431,Stigmochelys pardalis,4170,Io
2018,15-Oct,12,0,0.285968,36.888473,Stigmochelys pardalis,4170,Io
2018,15-Oct,16,0,0.285974,36.88853,Stigmochelys pardalis,4170,Io
2018,15-Oct,20,0,0.285965,36.888538,Stigmochelys pardalis,4170,Io
2018,15-Oct,23,0,0.285978,36.888526,Stigmochelys pardalis,4170,Io
2018,16-Oct,0,0,0.285978,36.888511,Stigmochelys pardalis,4170,Io
2018,16-Oct,4,0,0.285981,36.888565,Stigmochelys pardalis,4170,Io
2018,16-Oct,8,0,0.28597,36.88853,Stigmochelys pardalis,4170,Io
2018,16-Oct,12,0,0.285363,36.88787,Stigmochelys pardalis,4170,Io
2018,16-Oct,16,0,0.285296,36.888168,Stigmochelys pardalis,4170,Io
2018,16-Oct,20,0,0.285303,36.888202,Stigmochelys pardalis,4170,Io
2018,16-Oct,23,0,0.285353,36.888187,Stigmochelys pardalis,4170,Io
2018,17-Oct,0,0,0.285368,36.888145,Stigmochelys pardalis,4170,Io
2018,17-Oct,4,0,0.285351,36.888206,Stigmochelys pardalis,4170,Io
2018,17-Oct,8,0,0.285329,36.888156,Stigmochelys pardalis,4170,Io
2018,17-Oct,12,0,0.285311,36.888317,Stigmochelys pardalis,4170,Io
2018,17-Oct,16,0,0.285373,36.888233,Stigmochelys pardalis,4170,Io
2018,17-Oct,20,0,0.285373,36.888378,Stigmochelys pardalis,4170,Io
2018,17-Oct,23,0,0.285355,36.888317,Stigmochelys pardalis,4170,Io
2018,18-Oct,0,0,0.28538,36.88834,Stigmochelys pardalis,4170,Io
2018,18-Oct,4,0,0.285358,36.888336,Stigmochelys pardalis,4170,Io
2018,18-Oct,8,0,0.285371,36.888336,Stigmochelys pardalis,4170,Io
2018,18-Oct,12,0,0.285226,36.88845,Stigmochelys pardalis,4170,Io
2018,18-Oct,16,0,0.285238,36.888469,Stigmochelys pardalis,4170,Io
2018,18-Oct,20,0,0.285359,36.888473,Stigmochelys pardalis,4170,Io
2018,18-Oct,23,0,0.285376,36.888431,Stigmochelys pardalis,4170,Io
2018,19-Oct,0,0,0.285365,36.88845,Stigmochelys pardalis,4170,Io
2018,19-Oct,4,0,0.285358,36.888481,Stigmochelys pardalis,4170,Io
2018,19-Oct,8,0,0.285321,36.888511,Stigmochelys pardalis,4170,Io
2018,19-Oct,12,0,0.285363,36.888469,Stigmochelys pardalis,4170,Io
2018,19-Oct,16,0,0.285308,36.888462,Stigmochelys pardalis,4170,Io
2018,19-Oct,20,0,0.285361,36.888469,Stigmochelys pardalis,4170,Io
2018,19-Oct,23,0,0.28538,36.88845,Stigmochelys pardalis,4170,Io
2018,20-Oct,0,0,0.285341,36.888423,Stigmochelys pardalis,4170,Io
2018,20-Oct,4,0,0.285338,36.888469,Stigmochelys pardalis,4170,Io
2018,20-Oct,8,0,0.285323,36.888469,Stigmochelys pardalis,4170,Io
2018,20-Oct,12,0,0.285313,36.888511,Stigmochelys pardalis,4170,Io
2018,20-Oct,16,0,0.285331,36.888462,Stigmochelys pardalis,4170,Io
2018,20-Oct,20,0,0.28531,36.888538,Stigmochelys pardalis,4170,Io
2018,20-Oct,23,0,0.285359,36.888469,Stigmochelys pardalis,4170,Io
2018,21-Oct,0,0,0.285323,36.888443,Stigmochelys pardalis,4170,Io
2018,21-Oct,4,0,0.285329,36.888492,Stigmochelys pardalis,4170,Io
2018,21-Oct,8,0,0.285365,36.8885,Stigmochelys pardalis,4170,Io
2018,21-Oct,12,0,0.285313,36.888488,Stigmochelys pardalis,4170,Io
2018,21-Oct,16,0,0.285295,36.888481,Stigmochelys pardalis,4170,Io
2018,21-Oct,20,0,0.285358,36.888462,Stigmochelys pardalis,4170,Io
2018,21-Oct,23,0,0.28529,36.888431,Stigmochelys pardalis,4170,Io
2018,22-Oct,0,0,0.285366,36.888416,Stigmochelys pardalis,4170,Io
2018,22-Oct,4,0,0.285251,36.888507,Stigmochelys pardalis,4170,Io
2018,22-Oct,8,0,0.285363,36.888462,Stigmochelys pardalis,4170,Io
2018,22-Oct,12,0,0.285298,36.8885,Stigmochelys pardalis,4170,Io
2018,22-Oct,16,0,0.285308,36.888492,Stigmochelys pardalis,4170,Io
2018,22-Oct,20,0,0.285311,36.888473,Stigmochelys pardalis,4170,Io
2018,22-Oct,23,0,0.285328,36.888473,Stigmochelys pardalis,4170,Io
2018,23-Oct,4,0,0.285273,36.888511,Stigmochelys pardalis,4170,Io
2018,23-Oct,8,0,0.285308,36.888511,Stigmochelys pardalis,4170,Io
2018,23-Oct,12,0,0.285318,36.8885,Stigmochelys pardalis,4170,Io
2018,23-Oct,16,0,0.285296,36.888492,Stigmochelys pardalis,4170,Io
2018,23-Oct,20,0,0.285296,36.8885,Stigmochelys pardalis,4170,Io
2018,23-Oct,23,0,0.285333,36.888488,Stigmochelys pardalis,4170,Io
2018,24-Oct,0,0,0.285306,36.888454,Stigmochelys pardalis,4170,Io
2018,24-Oct,4,0,0.28531,36.888488,Stigmochelys pardalis,4170,Io
2018,24-Oct,8,0,0.285275,36.888481,Stigmochelys pardalis,4170,Io
2018,24-Oct,12,0,0.285291,36.888481,Stigmochelys pardalis,4170,Io
2018,24-Oct,16,0,0.285313,36.888488,Stigmochelys pardalis,4170,Io
2018,24-Oct,20,0,0.285306,36.888473,Stigmochelys pardalis,4170,Io
2018,24-Oct,23,0,0.285255,36.8885,Stigmochelys pardalis,4170,Io
2018,25-Oct,0,0,0.285258,36.888488,Stigmochelys pardalis,4170,Io
2018,25-Oct,4,0,0.285226,36.888511,Stigmochelys pardalis,4170,Io
2018,25-Oct,8,0,0.285216,36.888538,Stigmochelys pardalis,4170,Io
2018,25-Oct,12,0,0.285185,36.888473,Stigmochelys pardalis,4170,Io
2018,25-Oct,16,0,0.285204,36.888431,Stigmochelys pardalis,4170,Io
2018,25-Oct,20,0,0.28524,36.888431,Stigmochelys pardalis,4170,Io
2018,25-Oct,23,0,0.285273,36.888404,Stigmochelys pardalis,4170,Io
2018,26-Oct,0,0,0.285263,36.888374,Stigmochelys pardalis,4170,Io
2018,26-Oct,4,0,0.285256,36.888462,Stigmochelys pardalis,4170,Io
2018,26-Oct,8,0,0.2853,36.888397,Stigmochelys pardalis,4170,Io
2018,26-Oct,12,0,0.285226,36.888423,Stigmochelys pardalis,4170,Io
2018,26-Oct,16,0,0.28523,36.88845,Stigmochelys pardalis,4170,Io
2018,26-Oct,20,0,0.285268,36.888431,Stigmochelys pardalis,4170,Io
2018,26-Oct,23,0,0.28526,36.888412,Stigmochelys pardalis,4170,Io
2018,27-Oct,0,0,0.285268,36.888397,Stigmochelys pardalis,4170,Io
2018,27-Oct,4,0,0.285255,36.888423,Stigmochelys pardalis,4170,Io
2018,27-Oct,8,0,0.285273,36.888397,Stigmochelys pardalis,4170,Io
2018,27-Oct,12,0,0.285063,36.888958,Stigmochelys pardalis,4170,Io
2018,27-Oct,16,0,0.285113,36.888824,Stigmochelys pardalis,4170,Io
2018,27-Oct,20,0,0.285153,36.888835,Stigmochelys pardalis,4170,Io
2018,27-Oct,23,0,0.285148,36.888793,Stigmochelys pardalis,4170,Io
2018,28-Oct,0,0,0.285118,36.888805,Stigmochelys pardalis,4170,Io
2018,28-Oct,4,0,0.285105,36.888832,Stigmochelys pardalis,4170,Io
2018,28-Oct,8,0,0.285135,36.888793,Stigmochelys pardalis,4170,Io
2018,28-Oct,12,0,0.285093,36.888832,Stigmochelys pardalis,4170,Io
2018,28-Oct,16,0,0.285116,36.888797,Stigmochelys pardalis,4170,Io
2018,28-Oct,20,0,0.285168,36.888843,Stigmochelys pardalis,4170,Io
2018,28-Oct,23,0,0.285121,36.888793,Stigmochelys pardalis,4170,Io
2018,29-Oct,0,0,0.28512,36.888797,Stigmochelys pardalis,4170,Io
2018,29-Oct,4,0,0.285165,36.888855,Stigmochelys pardalis,4170,Io
2018,29-Oct,8,0,0.28509,36.888835,Stigmochelys pardalis,4170,Io
2018,29-Oct,12,0,0.285116,36.888881,Stigmochelys pardalis,4170,Io
2018,29-Oct,16,0,0.285103,36.888797,Stigmochelys pardalis,4170,Io
2018,29-Oct,20,0,0.285098,36.888874,Stigmochelys pardalis,4170,Io
2018,29-Oct,23,0,0.285096,36.888832,Stigmochelys pardalis,4170,Io
2018,30-Oct,0,0,0.28512,36.888797,Stigmochelys pardalis,4170,Io
2018,30-Oct,4,0,0.285078,36.888797,Stigmochelys pardalis,4170,Io
2018,30-Oct,8,0,0.285118,36.888855,Stigmochelys pardalis,4170,Io
2018,30-Oct,12,0,0.285111,36.888874,Stigmochelys pardalis,4170,Io
2018,30-Oct,16,0,0.285126,36.888786,Stigmochelys pardalis,4170,Io
2018,30-Oct,20,0,0.285123,36.888824,Stigmochelys pardalis,4170,Io
2018,30-Oct,23,0,0.285131,36.888797,Stigmochelys pardalis,4170,Io
2018,31-Oct,0,0,0.285133,36.888813,Stigmochelys pardalis,4170,Io
2018,31-Oct,4,0,0.285103,36.888797,Stigmochelys pardalis,4170,Io
2018,31-Oct,8,0,0.285106,36.888855,Stigmochelys pardalis,4170,Io
2018,31-Oct,12,0,0.285136,36.888881,Stigmochelys pardalis,4170,Io
2018,31-Oct,16,0,0.28517,36.888767,Stigmochelys pardalis,4170,Io
2018,31-Oct,20,0,0.285093,36.888835,Stigmochelys pardalis,4170,Io
2018,31-Oct,23,0,0.285103,36.888805,Stigmochelys pardalis,4170,Io
2018,1-Nov,0,0,0.28511,36.888805,Stigmochelys pardalis,4170,Io
2018,1-Nov,4,0,0.28508,36.888793,Stigmochelys pardalis,4170,Io
2018,1-Nov,8,0,0.285116,36.888862,Stigmochelys pardalis,4170,Io
2018,1-Nov,12,0,0.285425,36.888816,Stigmochelys pardalis,4170,Io
2018,1-Nov,16,0,0.285131,36.888843,Stigmochelys pardalis,4170,Io
2018,1-Nov,20,0,0.285103,36.88887,Stigmochelys pardalis,4170,Io
2018,1-Nov,23,0,0.285141,36.888786,Stigmochelys pardalis,4170,Io
2018,2-Nov,0,0,0.285136,36.888824,Stigmochelys pardalis,4170,Io
2018,2-Nov,4,0,0.285099,36.888835,Stigmochelys pardalis,4170,Io
2018,2-Nov,8,0,0.285125,36.888889,Stigmochelys pardalis,4170,Io
2018,2-Nov,12,0,0.285193,36.888805,Stigmochelys pardalis,4170,Io
2018,2-Nov,16,0,0.28519,36.888862,Stigmochelys pardalis,4170,Io
2018,2-Nov,20,0,0.285126,36.888813,Stigmochelys pardalis,4170,Io
2018,2-Nov,23,0,0.285153,36.888786,Stigmochelys pardalis,4170,Io
2018,3-Nov,0,0,0.285114,36.888759,Stigmochelys pardalis,4170,Io
2018,3-Nov,4,0,0.285126,36.888832,Stigmochelys pardalis,4170,Io
2018,3-Nov,8,0,0.285153,36.888832,Stigmochelys pardalis,4170,Io
2018,3-Nov,12,0,0.28518,36.888778,Stigmochelys pardalis,4170,Io
2018,3-Nov,16,0,0.285161,36.888774,Stigmochelys pardalis,4170,Io
2018,3-Nov,20,0,0.28513,36.888862,Stigmochelys pardalis,4170,Io
2018,3-Nov,23,0,0.285146,36.888793,Stigmochelys pardalis,4170,Io
2018,4-Nov,0,0,0.28516,36.888767,Stigmochelys pardalis,4170,Io
2018,4-Nov,4,0,0.285126,36.88887,Stigmochelys pardalis,4170,Io
2018,4-Nov,8,0,0.285141,36.88887,Stigmochelys pardalis,4170,Io
2018,4-Nov,12,0,0.285281,36.888645,Stigmochelys pardalis,4170,Io
2018,4-Nov,16,0,0.285338,36.888645,Stigmochelys pardalis,4170,Io
2018,4-Nov,20,0,0.285286,36.888679,Stigmochelys pardalis,4170,Io
2018,4-Nov,23,0,0.285301,36.888614,Stigmochelys pardalis,4170,Io
2018,5-Nov,0,0,0.28529,36.888645,Stigmochelys pardalis,4170,Io
2018,5-Nov,4,0,0.285298,36.888702,Stigmochelys pardalis,4170,Io
2018,5-Nov,8,0,0.285281,36.888645,Stigmochelys pardalis,4170,Io
2018,5-Nov,12,0,0.285263,36.888664,Stigmochelys pardalis,4170,Io
2018,5-Nov,16,0,0.285311,36.888664,Stigmochelys pardalis,4170,Io
2018,5-Nov,20,0,0.285285,36.888729,Stigmochelys pardalis,4170,Io
2018,5-Nov,23,0,0.285303,36.888633,Stigmochelys pardalis,4170,Io
2018,6-Nov,0,0,0.28527,36.888641,Stigmochelys pardalis,4170,Io
2018,6-Nov,4,0,0.285268,36.888729,Stigmochelys pardalis,4170,Io
2018,6-Nov,8,0,0.285285,36.888671,Stigmochelys pardalis,4170,Io
2018,6-Nov,12,0,0.285278,36.888671,Stigmochelys pardalis,4170,Io
2018,6-Nov,16,0,0.285296,36.888679,Stigmochelys pardalis,4170,Io
2018,6-Nov,20,0,0.285265,36.888702,Stigmochelys pardalis,4170,Io
2018,6-Nov,23,0,0.2853,36.888664,Stigmochelys pardalis,4170,Io
2018,7-Nov,0,0,0.285283,36.88866,Stigmochelys pardalis,4170,Io
2018,7-Nov,4,0,0.285271,36.888748,Stigmochelys pardalis,4170,Io
2018,7-Nov,8,0,0.285308,36.88866,Stigmochelys pardalis,4170,Io
2018,7-Nov,12,0,0.285298,36.888717,Stigmochelys pardalis,4170,Io
2018,7-Nov,16,0,0.285266,36.88866,Stigmochelys pardalis,4170,Io
2018,7-Nov,20,0,0.285253,36.888671,Stigmochelys pardalis,4170,Io
2018,7-Nov,23,0,0.285296,36.88866,Stigmochelys pardalis,4170,Io
2018,8-Nov,0,0,0.285281,36.888633,Stigmochelys pardalis,4170,Io
2018,8-Nov,4,0,0.28527,36.888671,Stigmochelys pardalis,4170,Io
2018,8-Nov,8,0,0.285281,36.888664,Stigmochelys pardalis,4170,Io
2018,8-Nov,12,0,0.285276,36.888702,Stigmochelys pardalis,4170,Io
2018,8-Nov,16,0,0.285265,36.888652,Stigmochelys pardalis,4170,Io
2018,8-Nov,20,0,0.285258,36.88869,Stigmochelys pardalis,4170,Io
2018,8-Nov,23,0,0.285271,36.888633,Stigmochelys pardalis,4170,Io
2018,9-Nov,0,0,0.285268,36.888607,Stigmochelys pardalis,4170,Io
2018,9-Nov,4,0,0.285266,36.888664,Stigmochelys pardalis,4170,Io
2018,9-Nov,8,0,0.285273,36.888671,Stigmochelys pardalis,4170,Io
2018,9-Nov,12,0,0.285228,36.888664,Stigmochelys pardalis,4170,Io
2018,9-Nov,16,0,0.285224,36.888736,Stigmochelys pardalis,4170,Io
2018,9-Nov,20,0,0.285273,36.888679,Stigmochelys pardalis,4170,Io
2018,9-Nov,23,0,0.28529,36.888565,Stigmochelys pardalis,4170,Io
2018,10-Nov,0,0,0.2853,36.888622,Stigmochelys pardalis,4170,Io
2018,10-Nov,4,0,0.285245,36.888645,Stigmochelys pardalis,4170,Io
2018,10-Nov,8,0,0.285223,36.888698,Stigmochelys pardalis,4170,Io
2018,10-Nov,12,0,0.285248,36.888702,Stigmochelys pardalis,4170,Io
2018,10-Nov,16,0,0.285288,36.888664,Stigmochelys pardalis,4170,Io
2018,10-Nov,20,0,0.285278,36.88866,Stigmochelys pardalis,4170,Io
2018,10-Nov,23,0,0.285295,36.888622,Stigmochelys pardalis,4170,Io
2018,11-Nov,0,0,0.285281,36.888664,Stigmochelys pardalis,4170,Io
2018,11-Nov,4,0,0.285231,36.888721,Stigmochelys pardalis,4170,Io
2018,11-Nov,8,0,0.285246,36.888679,Stigmochelys pardalis,4170,Io
2018,11-Nov,12,0,0.285318,36.888717,Stigmochelys pardalis,4170,Io
2018,11-Nov,16,0,0.285308,36.888702,Stigmochelys pardalis,4170,Io
2018,11-Nov,20,0,0.285243,36.888679,Stigmochelys pardalis,4170,Io
2018,11-Nov,23,0,0.285246,36.888671,Stigmochelys pardalis,4170,Io
2018,12-Nov,0,0,0.285235,36.88866,Stigmochelys pardalis,4170,Io
2018,12-Nov,4,0,0.285245,36.888683,Stigmochelys pardalis,4170,Io
2018,12-Nov,8,0,0.28525,36.888698,Stigmochelys pardalis,4170,Io
2018,12-Nov,12,0,0.285311,36.88869,Stigmochelys pardalis,4170,Io
2018,12-Nov,16,0,0.285336,36.888679,Stigmochelys pardalis,4170,Io
2018,12-Nov,20,0,0.285256,36.888614,Stigmochelys pardalis,4170,Io
2018,12-Nov,23,0,0.285285,36.888622,Stigmochelys pardalis,4170,Io
2018,13-Nov,0,0,0.285293,36.888641,Stigmochelys pardalis,4170,Io
2018,13-Nov,4,0,0.285291,36.888664,Stigmochelys pardalis,4170,Io
2018,13-Nov,8,0,0.285305,36.888664,Stigmochelys pardalis,4170,Io
2018,13-Nov,12,0,0.285251,36.88869,Stigmochelys pardalis,4170,Io
2018,13-Nov,16,0,0.285311,36.888664,Stigmochelys pardalis,4170,Io
2018,13-Nov,20,0,0.285238,36.88869,Stigmochelys pardalis,4170,Io
2018,13-Nov,23,0,0.28528,36.88869,Stigmochelys pardalis,4170,Io
2018,14-Nov,0,0,0.285286,36.88866,Stigmochelys pardalis,4170,Io
2018,14-Nov,4,0,0.28528,36.888698,Stigmochelys pardalis,4170,Io
2018,14-Nov,8,0,0.285273,36.888702,Stigmochelys pardalis,4170,Io
2018,14-Nov,12,0,0.285278,36.88853,Stigmochelys pardalis,4170,Io
2018,14-Nov,16,0,0.285351,36.888557,Stigmochelys pardalis,4170,Io
2018,14-Nov,20,0,0.285256,36.888626,Stigmochelys pardalis,4170,Io
2018,14-Nov,23,0,0.285296,36.888473,Stigmochelys pardalis,4170,Io
2018,15-Nov,0,0,0.285305,36.8885,Stigmochelys pardalis,4170,Io
2018,15-Nov,4,0,0.285311,36.888443,Stigmochelys pardalis,4170,Io
2018,15-Nov,8,0,0.28527,36.888507,Stigmochelys pardalis,4170,Io
2018,15-Nov,12,0,0.28527,36.888507,Stigmochelys pardalis,4170,Io
2018,15-Nov,16,0,0.285325,36.888473,Stigmochelys pardalis,4170,Io
2018,15-Nov,20,0,0.285301,36.888473,Stigmochelys pardalis,4170,Io
2018,15-Nov,23,0,0.285316,36.888473,Stigmochelys pardalis,4170,Io
2018,16-Nov,0,0,0.285275,36.888469,Stigmochelys pardalis,4170,Io
2018,16-Nov,4,0,0.285306,36.888538,Stigmochelys pardalis,4170,Io
2018,16-Nov,8,0,0.2853,36.888481,Stigmochelys pardalis,4170,Io
2018,16-Nov,12,0,0.285298,36.888507,Stigmochelys pardalis,4170,Io
2018,16-Nov,16,0,0.285338,36.888481,Stigmochelys pardalis,4170,Io
2018,16-Nov,20,0,0.28531,36.888473,Stigmochelys pardalis,4170,Io
2018,16-Nov,23,0,0.285315,36.888469,Stigmochelys pardalis,4170,Io
2018,17-Nov,0,0,0.28528,36.888473,Stigmochelys pardalis,4170,Io
2018,17-Nov,4,0,0.285261,36.88853,Stigmochelys pardalis,4170,Io
2018,17-Nov,8,0,0.285308,36.888492,Stigmochelys pardalis,4170,Io
2018,17-Nov,12,0,0.285268,36.888492,Stigmochelys pardalis,4170,Io
2018,17-Nov,16,0,0.285305,36.888526,Stigmochelys pardalis,4170,Io
2018,17-Nov,20,0,0.285288,36.888473,Stigmochelys pardalis,4170,Io
2018,17-Nov,23,0,0.285306,36.888462,Stigmochelys pardalis,4170,Io
2018,18-Nov,0,0,0.285296,36.888473,Stigmochelys pardalis,4170,Io
2018,18-Nov,4,0,0.285285,36.888565,Stigmochelys pardalis,4170,Io
2018,18-Nov,8,0,0.285293,36.888469,Stigmochelys pardalis,4170,Io
2018,18-Nov,12,0,0.285316,36.8885,Stigmochelys pardalis,4170,Io
2018,18-Nov,16,0,0.285333,36.888507,Stigmochelys pardalis,4170,Io
2018,18-Nov,20,0,0.285329,36.888469,Stigmochelys pardalis,4170,Io
2018,18-Nov,23,0,0.285356,36.888469,Stigmochelys pardalis,4170,Io
2018,19-Nov,0,0,0.285285,36.888473,Stigmochelys pardalis,4170,Io
2018,19-Nov,4,0,0.285278,36.888443,Stigmochelys pardalis,4170,Io
2018,19-Nov,8,0,0.28531,36.8885,Stigmochelys pardalis,4170,Io
2018,19-Nov,12,0,0.285345,36.888473,Stigmochelys pardalis,4170,Io
2018,19-Nov,16,0,0.28562,36.886966,Stigmochelys pardalis,4170,Io
2018,19-Nov,20,0,0.285593,36.886928,Stigmochelys pardalis,4170,Io
2018,19-Nov,23,0,0.285625,36.886936,Stigmochelys pardalis,4170,Io
2018,20-Nov,0,0,0.285623,36.886936,Stigmochelys pardalis,4170,Io
2018,20-Nov,4,0,0.28563,36.887001,Stigmochelys pardalis,4170,Io
2018,20-Nov,8,0,0.285608,36.886936,Stigmochelys pardalis,4170,Io
2018,20-Nov,12,0,0.285728,36.887039,Stigmochelys pardalis,4170,Io
2018,20-Nov,16,0,0.285696,36.887115,Stigmochelys pardalis,4170,Io
2018,20-Nov,20,0,0.2857,36.887058,Stigmochelys pardalis,4170,Io
2018,20-Nov,23,0,0.285733,36.887039,Stigmochelys pardalis,4170,Io
2018,21-Nov,0,0,0.285728,36.887043,Stigmochelys pardalis,4170,Io
2018,21-Nov,4,0,0.285746,36.887081,Stigmochelys pardalis,4170,Io
2018,21-Nov,8,0,0.285691,36.887058,Stigmochelys pardalis,4170,Io
2018,21-Nov,12,0,0.285731,36.887043,Stigmochelys pardalis,4170,Io
2018,21-Nov,16,0,0.285698,36.887077,Stigmochelys pardalis,4170,Io
2018,21-Nov,20,0,0.285708,36.887031,Stigmochelys pardalis,4170,Io
2018,21-Nov,23,0,0.285691,36.887001,Stigmochelys pardalis,4170,Io
2018,22-Nov,0,0,0.285728,36.887043,Stigmochelys pardalis,4170,Io
2018,22-Nov,4,0,0.285756,36.887077,Stigmochelys pardalis,4170,Io
2018,22-Nov,8,0,0.285733,36.887081,Stigmochelys pardalis,4170,Io
2018,22-Nov,12,0,0.285723,36.887031,Stigmochelys pardalis,4170,Io
2018,22-Nov,16,0,0.285706,36.887081,Stigmochelys pardalis,4170,Io
2018,22-Nov,20,0,0.285729,36.887069,Stigmochelys pardalis,4170,Io
2018,22-Nov,23,0,0.285695,36.887039,Stigmochelys pardalis,4170,Io
2018,23-Nov,0,0,0.285723,36.887031,Stigmochelys pardalis,4170,Io
2018,23-Nov,4,0,0.285743,36.887069,Stigmochelys pardalis,4170,Io
2018,23-Nov,8,0,0.285728,36.887069,Stigmochelys pardalis,4170,Io
2018,23-Nov,12,0,0.285725,36.887043,Stigmochelys pardalis,4170,Io
2018,23-Nov,16,0,0.285738,36.887096,Stigmochelys pardalis,4170,Io
2018,23-Nov,20,0,0.285755,36.887031,Stigmochelys pardalis,4170,Io
2018,23-Nov,23,0,0.285716,36.887031,Stigmochelys pardalis,4170,Io
2018,24-Nov,0,0,0.285725,36.887039,Stigmochelys pardalis,4170,Io
2018,24-Nov,4,0,0.285736,36.887077,Stigmochelys pardalis,4170,Io
2018,24-Nov,8,0,0.285726,36.887081,Stigmochelys pardalis,4170,Io
2018,24-Nov,12,0,0.285693,36.887069,Stigmochelys pardalis,4170,Io
2018,24-Nov,16,0,0.285751,36.8871,Stigmochelys pardalis,4170,Io
2018,24-Nov,20,0,0.285753,36.887069,Stigmochelys pardalis,4170,Io
2018,24-Nov,23,0,0.285713,36.887023,Stigmochelys pardalis,4170,Io
2018,25-Nov,0,0,0.285718,36.887069,Stigmochelys pardalis,4170,Io
2018,25-Nov,4,0,0.285735,36.887088,Stigmochelys pardalis,4170,Io
2018,25-Nov,8,0,0.285686,36.886993,Stigmochelys pardalis,4170,Io
2018,25-Nov,12,0,0.285713,36.887077,Stigmochelys pardalis,4170,Io
2018,25-Nov,16,0,0.285776,36.887077,Stigmochelys pardalis,4170,Io
2018,25-Nov,20,0,0.285771,36.887069,Stigmochelys pardalis,4170,Io
2018,25-Nov,23,0,0.28572,36.887043,Stigmochelys pardalis,4170,Io
2018,26-Nov,0,0,0.285711,36.887043,Stigmochelys pardalis,4170,Io
2018,26-Nov,4,0,0.285714,36.887043,Stigmochelys pardalis,4170,Io
2018,26-Nov,8,0,0.285731,36.887069,Stigmochelys pardalis,4170,Io
2018,26-Nov,12,0,0.285723,36.887081,Stigmochelys pardalis,4170,Io
2018,26-Nov,16,0,0.285765,36.887191,Stigmochelys pardalis,4170,Io
2018,26-Nov,20,0,0.285768,36.887069,Stigmochelys pardalis,4170,Io
2018,26-Nov,23,0,0.285726,36.887069,Stigmochelys pardalis,4170,Io
2018,27-Nov,0,0,0.285729,36.887039,Stigmochelys pardalis,4170,Io
2018,27-Nov,4,0,0.285746,36.887069,Stigmochelys pardalis,4170,Io
2018,27-Nov,8,0,0.285726,36.887069,Stigmochelys pardalis,4170,Io
2018,27-Nov,12,0,0.285738,36.8871,Stigmochelys pardalis,4170,Io
2018,27-Nov,16,0,0.285718,36.887058,Stigmochelys pardalis,4170,Io
2018,27-Nov,20,0,0.285748,36.887043,Stigmochelys pardalis,4170,Io
2018,27-Nov,23,0,0.285771,36.886966,Stigmochelys pardalis,4170,Io
2018,28-Nov,0,0,0.2857,36.88705,Stigmochelys pardalis,4170,Io
2018,28-Nov,4,0,0.285741,36.887157,Stigmochelys pardalis,4170,Io
2018,28-Nov,8,0,0.285776,36.887012,Stigmochelys pardalis,4170,Io
2018,28-Nov,12,0,0.286441,36.886871,Stigmochelys pardalis,4170,Io
2018,28-Nov,16,0,0.286473,36.886878,Stigmochelys pardalis,4170,Io
2018,28-Nov,20,0,0.286498,36.886852,Stigmochelys pardalis,4170,Io
2018,28-Nov,23,0,0.286481,36.886821,Stigmochelys pardalis,4170,Io
2018,29-Nov,0,0,0.286468,36.886898,Stigmochelys pardalis,4170,Io
2018,29-Nov,4,0,0.286473,36.88684,Stigmochelys pardalis,4170,Io
2018,29-Nov,8,0,0.286505,36.886871,Stigmochelys pardalis,4170,Io
2018,29-Nov,12,0,0.286508,36.886783,Stigmochelys pardalis,4170,Io
2018,29-Nov,16,0,0.286459,36.886898,Stigmochelys pardalis,4170,Io
2018,29-Nov,20,0,0.286479,36.886802,Stigmochelys pardalis,4170,Io
2018,29-Nov,23,0,0.286479,36.886833,Stigmochelys pardalis,4170,Io
2018,30-Nov,0,0,0.286479,36.886871,Stigmochelys pardalis,4170,Io
2018,30-Nov,4,0,0.286495,36.886859,Stigmochelys pardalis,4170,Io
2018,30-Nov,8,0,0.286459,36.886878,Stigmochelys pardalis,4170,Io
2018,30-Nov,12,0,0.286524,36.886867,Stigmochelys pardalis,4170,Io
2018,30-Nov,16,0,0.286458,36.886898,Stigmochelys pardalis,4170,Io
2018,30-Nov,20,0,0.286491,36.886821,Stigmochelys pardalis,4170,Io
2018,30-Nov,23,0,0.28649,36.886833,Stigmochelys pardalis,4170,Io
2018,1-Dec,0,0,0.286476,36.88684,Stigmochelys pardalis,4170,Io
2018,1-Dec,4,0,0.286495,36.886848,Stigmochelys pardalis,4170,Io
2018,1-Dec,8,0,0.28645,36.886867,Stigmochelys pardalis,4170,Io
2018,1-Dec,12,0,0.28652,36.886852,Stigmochelys pardalis,4170,Io
2018,1-Dec,16,0,0.286538,36.886928,Stigmochelys pardalis,4170,Io
2018,1-Dec,20,0,0.286538,36.88681,Stigmochelys pardalis,4170,Io
2018,1-Dec,23,0,0.286541,36.88681,Stigmochelys pardalis,4170,Io
2018,2-Dec,0,0,0.286535,36.886867,Stigmochelys pardalis,4170,Io
2018,2-Dec,4,0,0.28655,36.886859,Stigmochelys pardalis,4170,Io
2018,2-Dec,8,0,0.286528,36.886871,Stigmochelys pardalis,4170,Io
2018,2-Dec,12,0,0.286478,36.887233,Stigmochelys pardalis,4170,Io
2018,2-Dec,16,0,0.28656,36.887992,Stigmochelys pardalis,4170,Io
2018,2-Dec,20,0,0.286635,36.887928,Stigmochelys pardalis,4170,Io
2018,2-Dec,23,0,0.28656,36.887966,Stigmochelys pardalis,4170,Io
2018,3-Dec,0,0,0.286569,36.887954,Stigmochelys pardalis,4170,Io
2018,3-Dec,4,0,0.286576,36.887939,Stigmochelys pardalis,4170,Io
2018,3-Dec,8,0,0.286526,36.887985,Stigmochelys pardalis,4170,Io
2018,3-Dec,12,0,0.286591,36.887973,Stigmochelys pardalis,4170,Io
2018,3-Dec,16,0,0.28661,36.888031,Stigmochelys pardalis,4170,Io
2018,3-Dec,20,0,0.286593,36.887958,Stigmochelys pardalis,4170,Io
2018,3-Dec,23,0,0.286541,36.887935,Stigmochelys pardalis,4170,Io
2018,4-Dec,0,0,0.286555,36.887966,Stigmochelys pardalis,4170,Io
2018,4-Dec,4,0,0.286569,36.887966,Stigmochelys pardalis,4170,Io
2018,4-Dec,8,0,0.28653,36.887966,Stigmochelys pardalis,4170,Io
2018,4-Dec,12,0,0.286576,36.887908,Stigmochelys pardalis,4170,Io
2018,4-Dec,16,0,0.286564,36.888072,Stigmochelys pardalis,4170,Io
2018,4-Dec,20,0,0.286558,36.887928,Stigmochelys pardalis,4170,Io
2018,4-Dec,23,0,0.286566,36.887939,Stigmochelys pardalis,4170,Io
2018,5-Dec,0,0,0.286548,36.887939,Stigmochelys pardalis,4170,Io
2018,5-Dec,4,0,0.286551,36.887935,Stigmochelys pardalis,4170,Io
2018,5-Dec,8,0,0.286553,36.887935,Stigmochelys pardalis,4170,Io
2018,5-Dec,12,0,0.286548,36.887935,Stigmochelys pardalis,4170,Io
2018,5-Dec,16,0,0.286606,36.888145,Stigmochelys pardalis,4170,Io
2018,5-Dec,20,0,0.286591,36.888004,Stigmochelys pardalis,4170,Io
2018,5-Dec,23,0,0.286571,36.887977,Stigmochelys pardalis,4170,Io
2018,6-Dec,0,0,0.286569,36.887901,Stigmochelys pardalis,4170,Io
2018,6-Dec,4,0,0.286553,36.887958,Stigmochelys pardalis,4170,Io
2018,6-Dec,8,0,0.28658,36.887939,Stigmochelys pardalis,4170,Io
2018,6-Dec,12,0,0.286576,36.887916,Stigmochelys pardalis,4170,Io
2018,6-Dec,16,0,0.286578,36.887935,Stigmochelys pardalis,4170,Io
2018,6-Dec,20,0,0.286581,36.887992,Stigmochelys pardalis,4170,Io
2018,6-Dec,23,0,0.286558,36.887966,Stigmochelys pardalis,4170,Io
2018,7-Dec,0,0,0.286558,36.887935,Stigmochelys pardalis,4170,Io
2018,7-Dec,4,0,0.286551,36.887958,Stigmochelys pardalis,4170,Io
2018,7-Dec,8,0,0.286536,36.887966,Stigmochelys pardalis,4170,Io
2018,7-Dec,12,0,0.286569,36.88792,Stigmochelys pardalis,4170,Io
2018,7-Dec,16,0,0.286584,36.887966,Stigmochelys pardalis,4170,Io
2018,7-Dec,20,0,0.28666,36.888034,Stigmochelys pardalis,4170,Io
2018,7-Dec,23,0,0.286536,36.887973,Stigmochelys pardalis,4170,Io
2018,8-Dec,0,0,0.286598,36.887878,Stigmochelys pardalis,4170,Io
2018,8-Dec,4,0,0.286569,36.887958,Stigmochelys pardalis,4170,Io
2018,8-Dec,8,0,0.286543,36.887977,Stigmochelys pardalis,4170,Io
2018,8-Dec,12,0,0.286588,36.887928,Stigmochelys pardalis,4170,Io
2018,8-Dec,16,0,0.286583,36.888004,Stigmochelys pardalis,4170,Io
2018,8-Dec,20,0,0.286631,36.887992,Stigmochelys pardalis,4170,Io
2018,8-Dec,23,0,0.286578,36.887985,Stigmochelys pardalis,4170,Io
2018,9-Dec,0,0,0.28656,36.887939,Stigmochelys pardalis,4170,Io
2018,9-Dec,4,0,0.286578,36.887977,Stigmochelys pardalis,4170,Io
2018,9-Dec,8,0,0.286524,36.887966,Stigmochelys pardalis,4170,Io
2018,9-Dec,12,0,0.286603,36.887928,Stigmochelys pardalis,4170,Io
2018,9-Dec,16,0,0.2866,36.887966,Stigmochelys pardalis,4170,Io
2018,9-Dec,20,0,0.286628,36.888031,Stigmochelys pardalis,4170,Io
2018,9-Dec,23,0,0.286563,36.887958,Stigmochelys pardalis,4170,Io
2018,10-Dec,0,0,0.286561,36.887954,Stigmochelys pardalis,4170,Io
2018,10-Dec,4,0,0.286553,36.887935,Stigmochelys pardalis,4170,Io
2018,10-Dec,8,0,0.286541,36.887947,Stigmochelys pardalis,4170,Io
2018,10-Dec,12,0,0.286605,36.887901,Stigmochelys pardalis,4170,Io
2018,10-Dec,16,0,0.2866,36.887996,Stigmochelys pardalis,4170,Io
2018,10-Dec,20,0,0.286578,36.887916,Stigmochelys pardalis,4170,Io
2018,10-Dec,23,0,0.286569,36.887947,Stigmochelys pardalis,4170,Io
2018,11-Dec,0,0,0.286563,36.887954,Stigmochelys pardalis,4170,Io
2018,11-Dec,4,0,0.286568,36.887958,Stigmochelys pardalis,4170,Io
2018,11-Dec,8,0,0.28655,36.887973,Stigmochelys pardalis,4170,Io
2018,11-Dec,12,0,0.286573,36.88792,Stigmochelys pardalis,4170,Io
2018,11-Dec,16,0,0.286605,36.887996,Stigmochelys pardalis,4170,Io
2018,11-Dec,20,0,0.286591,36.887908,Stigmochelys pardalis,4170,Io
2018,11-Dec,23,0,0.286571,36.887966,Stigmochelys pardalis,4170,Io
2018,12-Dec,0,0,0.28654,36.887958,Stigmochelys pardalis,4170,Io
2018,12-Dec,4,0,0.286583,36.887939,Stigmochelys pardalis,4170,Io
2018,12-Dec,8,0,0.28655,36.887954,Stigmochelys pardalis,4170,Io
2018,12-Dec,12,0,0.286584,36.887939,Stigmochelys pardalis,4170,Io
2018,12-Dec,16,0,0.286578,36.887977,Stigmochelys pardalis,4170,Io
2018,12-Dec,20,0,0.286568,36.887878,Stigmochelys pardalis,4170,Io
2018,12-Dec,23,0,0.28659,36.887958,Stigmochelys pardalis,4170,Io
2018,13-Dec,0,0,0.286541,36.887935,Stigmochelys pardalis,4170,Io
2018,13-Dec,4,0,0.286575,36.887935,Stigmochelys pardalis,4170,Io
2018,13-Dec,8,0,0.286553,36.887966,Stigmochelys pardalis,4170,Io
2018,13-Dec,12,0,0.28656,36.887973,Stigmochelys pardalis,4170,Io
2018,13-Dec,16,0,0.286593,36.887996,Stigmochelys pardalis,4170,Io
2018,13-Dec,20,0,0.28655,36.887897,Stigmochelys pardalis,4170,Io
2018,13-Dec,23,0,0.286541,36.887939,Stigmochelys pardalis,4170,Io
2018,14-Dec,0,0,0.286563,36.887939,Stigmochelys pardalis,4170,Io
2018,14-Dec,4,0,0.286593,36.887977,Stigmochelys pardalis,4170,Io
2018,14-Dec,8,0,0.286538,36.887928,Stigmochelys pardalis,4170,Io
2018,14-Dec,12,0,0.286555,36.887973,Stigmochelys pardalis,4170,Io
2018,14-Dec,16,0,0.28658,36.887996,Stigmochelys pardalis,4170,Io
2018,14-Dec,20,0,0.286588,36.887901,Stigmochelys pardalis,4170,Io
2018,14-Dec,23,0,0.28656,36.887947,Stigmochelys pardalis,4170,Io
2018,15-Dec,0,0,0.286563,36.887947,Stigmochelys pardalis,4170,Io
2018,15-Dec,4,0,0.286576,36.887985,Stigmochelys pardalis,4170,Io
2018,15-Dec,8,0,0.286538,36.887954,Stigmochelys pardalis,4170,Io
2018,15-Dec,12,0,0.286463,36.887966,Stigmochelys pardalis,4170,Io
2018,15-Dec,16,0,0.286576,36.887996,Stigmochelys pardalis,4170,Io
2018,15-Dec,20,0,0.286584,36.887966,Stigmochelys pardalis,4170,Io
2018,15-Dec,23,0,0.286581,36.887897,Stigmochelys pardalis,4170,Io
2018,16-Dec,0,0,0.286568,36.887939,Stigmochelys pardalis,4170,Io
2018,16-Dec,4,0,0.286568,36.887977,Stigmochelys pardalis,4170,Io
2018,16-Dec,8,0,0.286523,36.887958,Stigmochelys pardalis,4170,Io
2018,16-Dec,12,0,0.286568,36.887996,Stigmochelys pardalis,4170,Io
2018,16-Dec,16,0,0.28659,36.887973,Stigmochelys pardalis,4170,Io
2018,16-Dec,20,0,0.286573,36.887935,Stigmochelys pardalis,4170,Io
2018,16-Dec,23,0,0.286545,36.887947,Stigmochelys pardalis,4170,Io
2018,17-Dec,0,0,0.286573,36.887947,Stigmochelys pardalis,4170,Io
2018,17-Dec,4,0,0.286581,36.887966,Stigmochelys pardalis,4170,Io
2018,17-Dec,8,0,0.286528,36.887939,Stigmochelys pardalis,4170,Io
2018,17-Dec,12,0,0.286576,36.887973,Stigmochelys pardalis,4170,Io
2018,17-Dec,16,0,0.286569,36.887958,Stigmochelys pardalis,4170,Io
2018,17-Dec,20,0,0.286556,36.887897,Stigmochelys pardalis,4170,Io
2018,17-Dec,23,0,0.286555,36.887916,Stigmochelys pardalis,4170,Io
2018,18-Dec,0,0,0.286611,36.887958,Stigmochelys pardalis,4170,Io
2018,18-Dec,4,0,0.286575,36.887973,Stigmochelys pardalis,4170,Io
2018,18-Dec,8,0,0.28653,36.887939,Stigmochelys pardalis,4170,Io
2018,18-Dec,12,0,0.286548,36.887958,Stigmochelys pardalis,4170,Io
2018,18-Dec,16,0,0.286575,36.887973,Stigmochelys pardalis,4170,Io
2018,18-Dec,20,0,0.286556,36.887844,Stigmochelys pardalis,4170,Io
2018,18-Dec,23,0,0.286645,36.888011,Stigmochelys pardalis,4170,Io
2018,19-Dec,0,0,0.286546,36.887916,Stigmochelys pardalis,4170,Io
2018,19-Dec,4,0,0.286564,36.887985,Stigmochelys pardalis,4170,Io
2018,19-Dec,8,0,0.286528,36.88792,Stigmochelys pardalis,4170,Io
2018,19-Dec,12,0,0.286578,36.887928,Stigmochelys pardalis,4170,Io
2018,19-Dec,16,0,0.286606,36.887973,Stigmochelys pardalis,4170,Io
2018,19-Dec,20,0,0.286569,36.887916,Stigmochelys pardalis,4170,Io
2018,19-Dec,23,0,0.286571,36.887935,Stigmochelys pardalis,4170,Io
2018,20-Dec,0,0,0.286564,36.887939,Stigmochelys pardalis,4170,Io
2018,20-Dec,4,0,0.28659,36.887928,Stigmochelys pardalis,4170,Io
2018,20-Dec,8,0,0.28654,36.887996,Stigmochelys pardalis,4170,Io
2018,20-Dec,12,0,0.28655,36.887928,Stigmochelys pardalis,4170,Io
2018,20-Dec,16,0,0.286598,36.887939,Stigmochelys pardalis,4170,Io
2018,20-Dec,20,0,0.286576,36.887928,Stigmochelys pardalis,4170,Io
2018,20-Dec,23,0,0.286561,36.88792,Stigmochelys pardalis,4170,Io
2018,21-Dec,0,0,0.286516,36.887958,Stigmochelys pardalis,4170,Io
2018,21-Dec,4,0,0.286593,36.887958,Stigmochelys pardalis,4170,Io
2018,21-Dec,8,0,0.286538,36.887966,Stigmochelys pardalis,4170,Io
2018,21-Dec,12,0,0.286566,36.887916,Stigmochelys pardalis,4170,Io
2018,21-Dec,16,0,0.286591,36.887973,Stigmochelys pardalis,4170,Io
2018,21-Dec,20,0,0.28656,36.887908,Stigmochelys pardalis,4170,Io
2018,21-Dec,23,0,0.286575,36.887973,Stigmochelys pardalis,4170,Io
2018,22-Dec,0,0,0.286543,36.887973,Stigmochelys pardalis,4170,Io
2018,22-Dec,4,0,0.286611,36.887977,Stigmochelys pardalis,4170,Io
2018,22-Dec,8,0,0.286533,36.88792,Stigmochelys pardalis,4170,Io
2018,22-Dec,12,0,0.286563,36.887916,Stigmochelys pardalis,4170,Io
2018,22-Dec,16,0,0.286605,36.887954,Stigmochelys pardalis,4170,Io
2018,22-Dec,20,0,0.286563,36.887939,Stigmochelys pardalis,4170,Io
2018,22-Dec,23,0,0.286583,36.887966,Stigmochelys pardalis,4170,Io
2018,23-Dec,0,0,0.286569,36.887996,Stigmochelys pardalis,4170,Io
2018,23-Dec,4,0,0.286608,36.887996,Stigmochelys pardalis,4170,Io
2018,23-Dec,8,0,0.28655,36.887916,Stigmochelys pardalis,4170,Io
2018,23-Dec,12,0,0.28653,36.887966,Stigmochelys pardalis,4170,Io
2018,23-Dec,16,0,0.286603,36.887935,Stigmochelys pardalis,4170,Io
2018,23-Dec,20,0,0.286564,36.887935,Stigmochelys pardalis,4170,Io
2018,23-Dec,23,0,0.286586,36.887966,Stigmochelys pardalis,4170,Io
2018,24-Dec,0,0,0.286556,36.887973,Stigmochelys pardalis,4170,Io
2018,24-Dec,4,0,0.286569,36.887977,Stigmochelys pardalis,4170,Io
2018,24-Dec,8,0,0.286546,36.887935,Stigmochelys pardalis,4170,Io
2018,24-Dec,12,0,0.286503,36.887992,Stigmochelys pardalis,4170,Io
2018,24-Dec,16,0,0.286583,36.887916,Stigmochelys pardalis,4170,Io
2018,24-Dec,20,0,0.28658,36.887928,Stigmochelys pardalis,4170,Io
2018,24-Dec,23,0,0.286555,36.88792,Stigmochelys pardalis,4170,Io
2018,25-Dec,0,0,0.286571,36.887958,Stigmochelys pardalis,4170,Io
2018,25-Dec,4,0,0.286553,36.887973,Stigmochelys pardalis,4170,Io
2018,25-Dec,8,0,0.286569,36.887939,Stigmochelys pardalis,4170,Io
2018,25-Dec,12,0,0.286546,36.887977,Stigmochelys pardalis,4170,Io
2018,25-Dec,16,0,0.286591,36.887939,Stigmochelys pardalis,4170,Io
2018,25-Dec,20,0,0.286583,36.887939,Stigmochelys pardalis,4170,Io
2018,25-Dec,23,0,0.286548,36.887863,Stigmochelys pardalis,4170,Io
2018,26-Dec,0,0,0.28656,36.887939,Stigmochelys pardalis,4170,Io
2018,26-Dec,4,0,0.286545,36.887966,Stigmochelys pardalis,4170,Io
2018,26-Dec,8,0,0.286576,36.887939,Stigmochelys pardalis,4170,Io
2018,26-Dec,12,0,0.286566,36.887954,Stigmochelys pardalis,4170,Io
2018,26-Dec,16,0,0.286586,36.887935,Stigmochelys pardalis,4170,Io
2018,26-Dec,20,0,0.286576,36.88792,Stigmochelys pardalis,4170,Io
2018,26-Dec,23,0,0.286536,36.887939,Stigmochelys pardalis,4170,Io
2018,27-Dec,0,0,0.286558,36.887928,Stigmochelys pardalis,4170,Io
2018,27-Dec,4,0,0.286581,36.887973,Stigmochelys pardalis,4170,Io
2018,27-Dec,8,0,0.286575,36.887973,Stigmochelys pardalis,4170,Io
2018,27-Dec,12,0,0.286546,36.887958,Stigmochelys pardalis,4170,Io
2018,27-Dec,16,0,0.286555,36.887958,Stigmochelys pardalis,4170,Io
2018,27-Dec,20,0,0.286564,36.887928,Stigmochelys pardalis,4170,Io
2018,27-Dec,23,0,0.28653,36.887928,Stigmochelys pardalis,4170,Io
2018,28-Dec,0,0,0.286573,36.887928,Stigmochelys pardalis,4170,Io
2018,28-Dec,4,0,0.286583,36.887966,Stigmochelys pardalis,4170,Io
2018,28-Dec,8,0,0.286573,36.887958,Stigmochelys pardalis,4170,Io
2018,28-Dec,12,0,0.286556,36.887966,Stigmochelys pardalis,4170,Io
2018,28-Dec,16,0,0.286551,36.888015,Stigmochelys pardalis,4170,Io
2018,28-Dec,20,0,0.286538,36.887916,Stigmochelys pardalis,4170,Io
2018,28-Dec,23,0,0.286545,36.887939,Stigmochelys pardalis,4170,Io
2018,29-Dec,0,0,0.286558,36.887928,Stigmochelys pardalis,4170,Io
2018,29-Dec,4,0,0.286598,36.88792,Stigmochelys pardalis,4170,Io
2018,29-Dec,8,0,0.286553,36.887928,Stigmochelys pardalis,4170,Io
2018,29-Dec,12,0,0.286545,36.887966,Stigmochelys pardalis,4170,Io
2018,29-Dec,16,0,0.286543,36.888034,Stigmochelys pardalis,4170,Io
2018,29-Dec,20,0,0.286541,36.88792,Stigmochelys pardalis,4170,Io
2018,29-Dec,23,0,0.286606,36.887947,Stigmochelys pardalis,4170,Io
2018,30-Dec,0,0,0.286561,36.887958,Stigmochelys pardalis,4170,Io
2018,30-Dec,4,0,0.286656,36.887939,Stigmochelys pardalis,4170,Io
2018,30-Dec,8,0,0.286564,36.887947,Stigmochelys pardalis,4170,Io
2018,30-Dec,12,0,0.28659,36.88792,Stigmochelys pardalis,4170,Io
2018,30-Dec,16,0,0.286548,36.888015,Stigmochelys pardalis,4170,Io
2018,30-Dec,20,0,0.286548,36.887882,Stigmochelys pardalis,4170,Io
2018,30-Dec,23,0,0.286596,36.887947,Stigmochelys pardalis,4170,Io
